Date,Town,State/Province,Latitude,Longitude,Number
11/23/2018,Pooler,GA,32.1,-81.3,1000
11/19/2018,Santiago de Querétaro,QUE,20.6,-100.4,600
11/19/2018,Amanalco,MEX,19.2,-100,10000
11/18/2018,Gulf Shores,AL,30.2,-88,30
11/17/2018,Gulf Shores,AL,30.2,-87.8,156
11/16/2018,Rockport,TX,28.1,-97,75
11/11/2018,Ex-Hacienda de Ortega,GUA,21.3,-100.4,120
11/11/2018,Gulf Shores,AL,30.2,-87.9,400
11/8/2018,Port Lavaca,TX,28.7,-96.6,465
11/8/2018,Romerillos,GUA,21.3,-99.9,100
11/7/2018,Mineral de Angangueo,MIC,19.6,-100.3,1012
11/7/2018,Beeville,TX,28.5,-97.8,50
11/6/2018,Monterrey,NL,25.7,-100.3,10000
11/6/2018,Ponchatrain Causeway,LA,30.2,-90.1,100
11/5/2018,Port O'Connor,TX,28.4,-96.4,60
11/5/2018,Cd Victoria,TAM,23.7,-99.1,2000
11/5/2018,Saltillo,CO,25.4,-101,200
11/5/2018,Jaumave,TAM,23.4,-99.4,2000
11/5/2018,Ciudad Victoria,TAM,23.7,-99.2,2000
11/5/2018,Cd Victoria,TAM,23.7,-99.2,1000000
11/5/2018,Pensacola Beach,FL,30.3,-87.2,50
11/4/2018,Lavaca Bay Causeway,TX,28.7,-96.6,220
11/4/2018,Cameron,LA,29.8,-93.5,3000
11/4/2018,Surfside Beach,TX,28.9,-95.3,500
11/4/2018,Anahuac,TX,29.5,-94.8,500
11/4/2018,Port Lavaca,TX,28.6,-96.4,100
11/3/2018,Mount Pleasant,SC,32.8,-79.9,80
11/3/2018,Loma Alta (Loma Alta De Gómez Farías),TAM,22.9,-99,1800
11/3/2018,Victoria,GUA,21.2,-100.2,480
11/3/2018,Paso de Guillermo,GUA,21.2,-99.9,2000
11/3/2018,Bay Saint Louis,MS,30.3,-89.3,100
11/2/2018,Point Comfort,TX,28.7,-96.6,300
10/31/2018,La Encantada,NLE,23.9,-99.8,6000
10/31/2018,Douglassville,TX,33.2,-94.4,25
10/31/2018,Menard,TX,30.9,-99.5,75
10/31/2018,Caldwell,TX,30.7,-96.7,38
10/31/2018,Monterrey,NLE,25.7,-100.3,600
10/31/2018,Townsend,TN,35.6,-83.8,80
10/31/2018,Caldwell,TX,30.6,-96.5,51
10/31/2018,Somerville,TX,30.3,-96.6,350
10/30/2018,Bogata,TX,33.5,-95.1,100
10/30/2018,Cape May Point,NJ,38.9,-75,100
10/30/2018,Gulf Shores,AL,30.2,-87.8,100
10/30/2018,Rockwall,TX,32.9,-96.5,45
10/30/2018,Monterrey,NLE,25.7,-100.4,360
10/29/2018,Gulfport,MS,30.4,-89.1,150
10/29/2018,Gulfport,MS,30.4,-89.1,500
10/29/2018,Caldwell,TX,30.7,-96.7,46
10/29/2018,Austin,TX,30.2,-97.7,100
10/28/2018,San Antonio,TX,29.5,-98.5,100
10/28/2018,Austin,TX,30.3,-97.7,18
10/28/2018,Gause,TX,30.7,-96.7,35
10/28/2018,Monterrey,NLE,25.7,-100.3,1000
10/28/2018,Gulfport,MS,30.4,-89.1,40
10/28/2018,Plano,TX,33.1,-96.8,20
10/28/2018,McKinney,TX,33.2,-96.7,50
10/28/2018,Columbus,AR,33.8,-93.8,111
10/28/2018,Caldwell,TX,30.6,-96.5,60
10/28/2018,Utopia,TX,29.6,-99.5,125
10/28/2018,Gulf Shores,AL,30.2,-88,45
10/27/2018,Chandler,TX,32.3,-95.5,36
10/27/2018,Pensacola,FL,30.3,-87.4,30
10/27/2018,Gulf Shores,AL,30.2,-87.7,25
10/27/2018,Boerne,TX,29.7,-98.7,65
10/27/2018,Iowa,LA,30.2,-93,50
10/27/2018,Dripping Springs,TX,30.3,-98.1,111
10/27/2018,Gulf Shores,AL,30.2,-87.8,40
10/27/2018,The Woodlands,TX,30.2,-95.5,30
10/27/2018,Kerens,TX,32.1,-96.2,200
10/27/2018,Point Comfort,TX,28.7,-96.6,155
10/27/2018,Folly Beach,SC,32.6,-80,200
10/27/2018,Saltillo,COA,25.4,-101,3000
10/26/2018,Santa Catarina,NLE,25.7,-100.4,100
10/26/2018,Ocean Springs,MS,30.4,-87.1,60
10/26/2018,Bryan,TX,30.8,-96.4,30
10/26/2018,China Grove,TX,29.4,-98.3,35
10/26/2018,Madisonville,TX,31,-95.9,20
10/26/2018,Austin,TX,30.3,-97.8,100
10/26/2018,Austin,TX,30.2,-97.9,15
10/26/2018,San Pedro Garza García,NLE,25.7,-100.4,57
10/26/2018,Washington,TX,30.3,-96.1,50
10/25/2018,Austin,TX,30.3,-97.8,15
10/25/2018,San Pedro Garza García,NLE,25.7,-100.4,88
10/25/2018,Monterrey,NLE,25.7,-100.3,360
10/25/2018,Villas del Poniente,NLE,25.8,-100.4,60
10/25/2018,Austin,TX,30.3,-97.7,12
10/25/2018,Piedras Negras,COA,28.7,-100.5,60
10/25/2018,Cd Gral Escobedo,NLE,25.8,-100.3,827
10/25/2018,Nueva Rosita,COA,27.9,-101.2,300
10/25/2018,Saltillo,COA,25.4,-101,33
10/25/2018,Canyon Lake,TX,29.9,-98.2,28
10/25/2018,Freeport,TX,28.9,-95.3,500
10/25/2018,Ocean Springs,MS,30.4,-88.8,26
10/24/2018,Magnolia,TX,30.2,-95.6,385
10/24/2018,San Pedro Garza García,NLE,25.7,-100.4,33
10/24/2018,Pensacola Beach,FL,30.3,-87.1,41
10/24/2018,Ocean Springs,MS,30.3,-87.2,100
10/24/2018,Villas del Poniente,NLE,25.8,-100.4,600
10/24/2018,Spanish Fort,AL,30.7,-88,100
10/24/2018,Spanish Fort,AL,30.7,-88,100
10/23/2018,Sand Springs,OK,36.1,-96.3,20
10/23/2018,Aurora,NLE,26.4,-101,2000
10/23/2018,Monterrey,NLE,25.7,-100.3,480
10/23/2018,Myrtle Beach,SC,33.7,-78.8,59
10/23/2018,Pensacola Beach,FL,30.3,-87.1,200
10/23/2018,Scotland,MD,38,-76.3,45
10/23/2018,Rudy,AR,35.5,-94.3,200
10/23/2018,Chatsworth,GA,34.8,-84.7,100
10/22/2018,Piedras Negras,COA,28.7,-100.5,300
10/22/2018,Myrtle Beach,SC,33.7,-78.9,26
10/22/2018,Dripping Springs,TX,30.2,-98.2,15
10/22/2018,San Antonio,TX,29.6,-98.5,60
10/22/2018,Monclova,COA,26.9,-101.4,1000
10/22/2018,Austin,TX,30.3,-97.8,18
10/22/2018,Orange Beach,AL,30.3,-87.6,300
10/22/2018,Austin,TX,30.4,-97.8,60
10/22/2018,Myrtle Beach,SC,33.7,-78.8,22
10/22/2018,Dallas,TX,32.9,-96.9,45
10/21/2018,Del Rio,TX,29.4,-101,5850
10/21/2018,Little Elm,TX,33.2,-96.9,41
10/21/2018,Del Rio,TX,29.4,-101,2500
10/21/2018,Del Valle,TX,30.1,-97.6,100
10/21/2018,MORGANS POINT,TX,31.2,-97.6,500
10/21/2018,Del Rio,TX,29.9,-101,2960
10/21/2018,Medina,TX,29.3,-99,150
10/21/2018,Oak Island,NC,33.9,-78.2,210
10/21/2018,Austin,TX,30.2,-97.9,12
10/21/2018,Mandeville,LA,30.3,-90.1,323
10/20/2018,Junction,TX,30.5,-99.8,5000
10/20/2018,Del Rio,TX,29.4,-100.9,999999
10/20/2018,Laughlin Air Force Base,TX,29.4,-100.8,1000
10/20/2018,Kodak,TN,36,-83.7,80
10/20/2018,Austin,TX,30.1,-97.7,100
10/20/2018,Del Rio,TX,29.5,-101,12620
10/20/2018,Magnolia,TX,30.2,-95.6,100
10/20/2018,Del Rio,TX,29.9,-101,6500
10/20/2018,Gregorio González,COA,28.6,-100.5,200
10/20/2018,Menard,TX,30.7,-99.7,25
10/20/2018,Cd Acuña,COA,29.3,-101,30
10/20/2018,Babylon,NY,40.6,-73.2,222
10/20/2018,Cd Acuña,COA,29.3,-101,1800
10/20/2018,Piedras Negras,COA,28.7,-100.5,1800
10/20/2018,Columbus,AR,33.8,-93.8,215
10/20/2018,Eagle Pass,TX,28.7,-100.5,400
10/19/2018,Fairhaven,MA,41.6,-70.8,37
10/19/2018,Junction,TX,30.5,-99.8,300
10/19/2018,Junction,TX,30.5,-99.8,1000
10/19/2018,Stearns,KY,36.8,-84.6,25
10/19/2018,Townsend,TN,35.6,-83.8,75
10/19/2018,Lusby,MD,38.4,-76.4,12
10/19/2018,Gulf Shores,AL,30.2,-88,105
10/19/2018,Atlanta,GA,33.8,-84.3,10
10/19/2018,Fire Island,NY,40.6,-73.2,50
10/19/2018,Myrtle Beach,SC,33.7,-78.9,30
10/19/2018,West Babylon,NY,40.6,-73.4,33
10/19/2018,Tilghman Island,MD,38.7,-76.3,90
10/19/2018,Pisgah Forest,NC,35.3,-82.7,50
10/19/2018,Canton,NC,35.3,-82.8,137
10/18/2018,McKinney,TX,33.2,-96.6,10
10/18/2018,Fort Worth,TX,32.7,-97.4,17
10/18/2018,Little Elm,TX,33.2,-96.9,31
10/18/2018,Denison,TX,33.8,-96.5,50
10/18/2018,Sherman,TX,33.7,-96.6,107
10/18/2018,Denton,TX,33.3,-97.2,37
10/18/2018,Cape May Point,NJ,38.9,-75,300
10/18/2018,Allen,TX,33.1,-96.7,300
10/18/2018,Nags Head,NC,35.6,-75.5,50
10/17/2018,Branson,MO,36.6,-93.2,100
10/17/2018,Heber Springs,AR,35.5,-92.1,20
10/17/2018,Cape May,NJ,38.9,-75,276
10/17/2018,Ozawkie,KS,39.2,-95.5,100
10/17/2018,Summerton,SC,33.5,-80.3,12
10/17/2018,Bay Shore,NY,40.6,-73.2,170
10/17/2018,Wrightsville Beach,NC,34.2,-77.8,40
10/17/2018,Scotland,MD,38,-76.3,150
10/16/2018,Columbia,SC,34,-81,12
10/16/2018,Ocean City,MD,38.4,-75.1,35
10/16/2018,Sanford,NC,35.5,-79.2,12
10/15/2018,Sandy Springs,GA,33.9,-84.4,60
10/15/2018,Decatur,GA,33.8,-84.3,20
10/15/2018,Cape May Point,NJ,38.9,-75,1000
10/15/2018,Ocean City,MD,38.4,-75.1,50
10/15/2018,Traphill,NC,36.3,-81,37
10/15/2018,Waynesville,NC,35.4,-83,68
10/14/2018,Mansfield,TX,32.6,-97.1,70
10/14/2018,Grapevine,TX,32.9,-97.1,100
10/14/2018,Hoover,AL,33.4,-86.8,6
10/14/2018,Anna,TX,33.3,-96.5,50
10/14/2018,McKinney,TX,33.2,-96.7,100
10/14/2018,Dallas,TX,32.9,-96.7,30
10/14/2018,Junction,TX,30.6,-99.6,1000
10/14/2018,Parksley,VA,37.8,-75.7,20
10/14/2018,Little Elm,TX,33.2,-96.9,25
10/14/2018,Skaneateles,NY,42.9,-76.4,10
10/14/2018,Cross Hill,SC,34.3,-82,20
10/14/2018,Keller,TX,32.9,-97.2,17
10/14/2018,Munford,AL,33.5,-86,4
10/14/2018,Sidney,OH,40.3,-84.2,13
10/14/2018,Ansonia,OH,40.2,-84.6,11
10/14/2018,Union City,IN,40.2,-84.8,25
10/14/2018,Muncie,IN,40.2,-85.4,11
10/14/2018,Leamington,ON,41.9,-82.5,525
10/14/2018,Cape May,NJ,38.9,-74.9,5000
10/14/2018,Sonora,TX,30.5,-100.8,100
10/14/2018,Johnston,SC,33.8,-81.7,300
10/14/2018,Cape May Point,NJ,38.9,-75,1000
10/14/2018,Allen,TX,33.1,-96.7,800
10/14/2018,Ocean City,MD,38.4,-75.1,55
10/14/2018,Plano,TX,33,-96.7,75
10/14/2018,Glenn Heights,TX,32.5,-96.9,1000
10/14/2018,Evans,GA,33.5,-82.1,100
10/14/2018,Justin,TX,33,-97.4,30
10/14/2018,Plano,TX,33,-96.7,20
10/14/2018,Gatesville,TX,31.4,-97.7,300
10/14/2018,Santa Cruz,CA,37,-122.1,50
10/13/2018,Dallas,TX,32.9,-96.9,100
10/13/2018,Richland Springs,TX,31.3,-99.1,1000
10/13/2018,Cape May,NJ,38.9,-74.9,100
10/13/2018,Cape May,NJ,38.9,-74.9,100
10/13/2018,Fire Island,NY,40.6,-73.2,125
10/13/2018,Lusby,MD,38.4,-76.4,20
10/13/2018,Traphill,NC,36.3,-81,31
10/13/2018,Brady,TX,31.2,-99.5,70
10/12/2018,Irving,TX,32.8,-96.9,50
10/12/2018,Bay Shore,NY,40.6,-73.2,170
10/12/2018,Plano,TX,33,-96.8,70
10/12/2018,Townsend,TN,35.6,-83.8,81
10/12/2018,Glenn Heights,TX,32.5,-96.9,400
10/12/2018,Dallas,TX,32.8,-96.8,75
10/12/2018,Bay Shore,NY,40.6,-73.2,85
10/11/2018,Junction,TX,30.5,-99.7,1000
10/11/2018,Fort Smith,AR,35.4,-94.4,15
10/11/2018,Pottsville,AR,35.2,-93,50
10/11/2018,Hot Springs,AR,34.5,-93,28
10/11/2018,Cullowhee,NC,35.3,-83.2,30
10/11/2018,Little Elm,TX,33.1,-97,100
10/11/2018,Townsend,TN,35.6,-83.8,177
10/11/2018,Townsend,TN,35.6,-83.8,400
10/10/2018,Hornbeak,TN,36.4,-89.4,200
10/10/2018,Pa Furnace,PA,40.8,-77.9,12
10/10/2018,Marion,OH,40.6,-83.1,15
10/10/2018,Mulvane,KS,37.5,-97.2,34
10/10/2018,Midland,TX,32,-102.1,50
10/10/2018,Milburn,OK,34.2,-96.6,500
10/10/2018,Lampe,MO,36.6,-93.4,130
10/10/2018,San Angelo,TX,31.5,-100.5,50
10/10/2018,Lewisburg,WV,37.8,-80.5,40
10/10/2018,Lewisburg,WV,37.8,-80.4,36
10/10/2018,New York,NY,40.8,-74,30
10/10/2018,Stratford,CT,41.2,-73.1,20
10/10/2018,State College,PA,40.8,-77.9,15
10/10/2018,Claremore,OK,36.4,-95.5,10000
10/10/2018,Stratford,CT,41.2,-73.1,10
10/10/2018,Brady,TX,31.2,-99.5,1000
10/10/2018,Portsmouth,NH,43.1,-70.8,12
10/10/2018,Ridgedale,MO,36.5,-93.3,60
10/9/2018,Louisville,KY,38.3,-85.8,23
10/9/2018,Chattanooga,TN,35.1,-85.3,20
10/9/2018,Lewisburg,WV,37.8,-80.5,27
10/9/2018,Radford,VA,37.1,-80.6,17
10/9/2018,Rule,TX,33.2,-99.9,100
10/9/2018,Lexington,VA,37.8,-79.5,16
10/9/2018,Kirkwood,MO,38.6,-90.4,80
10/9/2018,Carthage,IN,39.7,-85.6,93
10/9/2018,North Hampton,NH,43,-70.8,50
10/9/2018,Gap Mills,WV,37.6,-80.4,50
10/9/2018,Babylon,NY,40.6,-73.2,29
10/9/2018,Hornbeak,TN,36.4,-89.4,400
10/9/2018,Connellsville,PA,40,-79.6,50
10/9/2018,Harrisburg,PA,40.3,-76.9,50
10/8/2018,Louisville,KY,38.2,-85.7,80
10/8/2018,Willard,MO,37.3,-93.4,11
10/8/2018,Washington,DC,38.9,-77,50
10/8/2018,Camdenton,MO,38.1,-92.8,97
10/8/2018,Camdenton,MO,38.1,-92.8,75
10/8/2018,Tryon,NC,35.2,-82.3,19
10/8/2018,Union,WV,37.6,-80.6,49
10/8/2018,Newburgh,IN,37.9,-87.4,25
10/8/2018,Carthage,IN,39.7,-85.6,12
10/8/2018,Sidney,OH,40.3,-84.2,30
10/8/2018,Connellsville,PA,40,-79.6,25
10/8/2018,Sand Springs,OK,36.1,-96.3,20
10/8/2018,Lewisburg,WV,37.8,-80.5,15
10/7/2018,Roanoke,VA,37.2,-79.9,15
10/7/2018,Tulsa,OK,36,-95.9,75
10/7/2018,Chelsea,OK,36.5,-95.4,100
10/7/2018,Duncan,OK,34.5,-98,500
10/7/2018,Newburgh,IN,37.9,-87.4,25
10/7/2018,Guthrie,OK,35.8,-97.4,203
10/7/2018,Carthage,IN,39.7,-85.6,11
10/7/2018,Sapulpa,OK,36,-96.2,2000
10/7/2018,Wichita Falls,TX,33.9,-98.5,100
10/7/2018,Guthrie,OK,35.9,-97.4,20
10/7/2018,Broken Arrow,OK,36.1,-95.7,1000
10/7/2018,Fredericksburg,VA,38.3,-77.5,15
10/7/2018,Washington,DC,38.9,-77,5
10/7/2018,Sand Springs,OK,36.1,-96.3,15
10/7/2018,Traphill,NC,36.3,-81,75
10/7/2018,Setauket- East Setauket,NY,40.9,-73.1,144
10/7/2018,Annapolis,MD,39,-76.5,17
10/7/2018,Mannford,OK,36.1,-96.4,200
10/7/2018,Alva,OK,36.8,-98.7,100
10/7/2018,Babylon,NY,40.6,-73.2,400
10/7/2018,Menard,TX,30.7,-99.7,100
10/7/2018,Menard,TX,30.7,-99.7,100
10/6/2018,Caledonia,OH,40.6,-83,41
10/6/2018,Canton,NC,35.4,-82.8,100
10/6/2018,State College,PA,40.7,-77.9,500
10/6/2018,Pittsburg,KS,37.4,-94.7,50
10/6/2018,Tulsa,OK,36.2,-96.1,1500
10/6/2018,Tulsa,OK,36.1,-96,100
10/6/2018,Harrisville,MI,44.6,-83.3,102
10/6/2018,Crozet,VA,38.2,-78.7,12
10/6/2018,Owasso,OK,36.3,-95.8,200
10/6/2018,Tulsa,OK,36.2,-96,100
10/6/2018,Tulsa,OK,36,-95.9,500
10/6/2018,Owasso,OK,36.3,-95.8,1000
10/6/2018,Tulsa,OK,36.1,-95.9,1000
10/6/2018,Newburgh,IN,37.9,-87.4,25
10/6/2018,Sand Springs,OK,36.1,-96.1,100
10/6/2018,Alex,OK,34.9,-97.8,200
10/6/2018,Tulsa,OK,36.1,-96,14
10/6/2018,Owasso,OK,36.3,-95.9,200
10/6/2018,Bixby,OK,35.9,-95.9,10000
10/6/2018,Bixby,OK,36,-95.9,1000
10/6/2018,Tulsa,OK,36.1,-95.9,177
10/6/2018,Cleveland,OK,36.2,-96.4,106
10/6/2018,Sand Springs,OK,36.1,-96.1,100
10/6/2018,Oklahoma City,OK,35.5,-97.6,50
10/6/2018,Roanoke,VA,37.2,-79.9,100
10/6/2018,Burkburnett,TX,34.1,-98.6,25
10/6/2018,Sand Springs,OK,36.2,-96.1,1500
10/6/2018,Coshocton,OH,40.3,-81.9,30
10/6/2018,Traphill,NC,36.3,-81,198
10/6/2018,Mannford,OK,36.1,-96.4,500
10/6/2018,Tulsa,OK,36.2,-96,300
10/5/2018,North Cape May,NJ,39,-75,20
10/5/2018,Pittsburg,KS,37.4,-94.7,50
10/5/2018,Cape May Point,NJ,38.9,-75,1000
10/5/2018,Newburgh,IN,37.9,-87.4,20
10/5/2018,Newburgh,IN,37.9,-87.4,100
10/5/2018,Versailles,MO,38.3,-92.8,55
10/5/2018,Tulsa,OK,36.1,-96,75
10/5/2018,Babylon,NY,40.6,-73.2,300
10/5/2018,Pryor,OK,36.3,-95.3,100
10/5/2018,Kirkwood,MO,38.6,-90.4,30
10/5/2018,Overland Park,KS,39,-94.7,20
10/5/2018,Cuba,MO,38.1,-91.4,30
10/5/2018,Edmond,OK,35.7,-97.5,58
10/5/2018,Lawrenceburg,IN,39.1,-84.9,25
10/5/2018,Knox City,TX,33.4,-99.8,100
10/5/2018,Traphill,NC,36.3,-81,356
10/5/2018,Bay Shore,NY,40.6,-73.2,100
10/5/2018,Doe Hill,VA,38.4,-79.4,50
10/4/2018,Madison,CT,41.3,-72.6,83
10/4/2018,Springfield,MO,37.2,-93.3,10
10/4/2018,Stillwater,OK,36.1,-97.1,250
10/4/2018,Springfield,MO,37.2,-93.3,42
10/4/2018,O'Donnell,TX,32.9,-102,200
10/4/2018,Norristown,PA,40.1,-75.3,25
10/4/2018,Springfield,MO,37.2,-93.3,67
10/4/2018,Ashland,KY,38.4,-82.6,25
10/4/2018,Parsonsburg,MD,38.4,-75.5,20
10/4/2018,Philadelphia,PA,40,-75.2,40
10/4/2018,Oklahoma City,OK,35.5,-97.6,1000
10/4/2018,Oklahoma City,OK,35.6,-97.6,1000
10/4/2018,Edmond,OK,35.7,-97.5,100
10/4/2018,Edmond,OK,35.7,-97.5,150
10/4/2018,Oklahoma City,OK,35.4,-97.7,1000
10/4/2018,Broken Arrow,OK,36,-95.8,400
10/4/2018,Oklahoma City,OK,35.5,-97.6,1000
10/4/2018,Mustang,OK,35.3,-97.7,100
10/4/2018,Arlington,VA,38.8,-77.1,50
10/4/2018,Piedmont,OK,35.6,-97.7,1000
10/4/2018,Oklahoma City,OK,35.5,-97.6,300
10/4/2018,Oklahoma City,OK,35.6,-97.5,650
10/4/2018,Bethany,OK,35.5,-97.6,500
10/4/2018,Babylon,NY,40.6,-73.2,120
10/4/2018,Oklahoma City,OK,35.5,-97.6,1000
10/4/2018,Edmond,OK,35.7,-97.5,24
10/4/2018,Oklahoma City,OK,35.6,-97.6,100
10/4/2018,Gray,TN,36.4,-82.5,31
10/4/2018,Washington,DC,38.9,-77,20
10/4/2018,Rockbridge Baths,VA,37.9,-79.4,500
10/3/2018,Kingston,RI,41.4,-71.6,35
10/3/2018,Ridgefield Park,NJ,40.9,-74,16
10/3/2018,Madison,CT,41.3,-72.6,23
10/3/2018,Wichita,KS,37.7,-97.5,60
10/3/2018,Glade Spring,VA,36.9,-81.8,50
10/3/2018,Gray,TN,36.4,-82.5,26
10/3/2018,Black Mountain,NC,35.6,-82.3,40
10/3/2018,Cape May Point,NJ,38.9,-75,10000
10/3/2018,Salem,VA,37.3,-80.1,60
10/3/2018,Black Mountain,NC,35.6,-82.3,20
10/3/2018,Roanoke,VA,37.2,-80.1,50
10/3/2018,Babylon,NY,40.6,-73.2,500
10/3/2018,Shirley,NY,40.7,-72.9,100
10/3/2018,Bay Shore,NY,40.6,-73.2,100
10/3/2018,New York,NY,40.6,-73.8,500
10/3/2018,Westport,CT,41.1,-73.4,21
10/3/2018,Highlands,NJ,40.4,-74,40
10/3/2018,Washington,DC,38.9,-77,20
10/3/2018,Madison,WI,43.1,-89.3,50
10/3/2018,Traphill,NC,36.3,-81,62
10/2/2018,Steeles Tavern,VA,38,-79.3,50
10/2/2018,Bloomingdale,NJ,41,-74.3,21
10/2/2018,Marion,NC,35.8,-82,10
10/2/2018,Belleville,KS,39.8,-97.6,25
10/2/2018,Westwood,NJ,41,-74.1,8
10/2/2018,Belleville,KS,39.8,-97.6,40
10/2/2018,Peabody,KS,38.2,-97.1,15
10/2/2018,Jamestown,RI,41.4,-71.4,50
10/2/2018,Lincoln,NE,40.8,-96.7,30
10/2/2018,Gray,TN,36.4,-82.5,17
10/2/2018,Claflin,KS,38.4,-98.6,37
10/2/2018,Fairlawn,VA,37.1,-80.6,100
10/2/2018,Washington,DC,38.9,-77,20
10/2/2018,Traphill,NC,36.3,-81,25
10/1/2018,St. Louis,MO,38.6,-90.2,50
10/1/2018,Pennsylvania Furnace,PA,40.7,-77.9,100
10/1/2018,Indianapolis,IN,39.8,-86.2,33
10/1/2018,Tulsa,OK,36.2,-96.1,800
10/1/2018,Jefferson City,MO,38.6,-92.2,68
10/1/2018,Kirkwood,MO,38.6,-90.4,80
10/1/2018,Idalou,TX,33.7,-101.7,100
10/1/2018,Bloomingdale,NJ,41,-74.3,16
10/1/2018,Mason,OH,39.4,-84.3,24
10/1/2018,St. Louis,MO,38.5,-90.4,100
10/1/2018,Canton,NC,35.3,-82.8,200
10/1/2018,Newton,KS,38.1,-97.2,84
10/1/2018,Mason,OH,39.4,-84.3,14
10/1/2018,Independence,VA,36.7,-81.2,50
10/1/2018,Philadelphia,PA,40,-75,15
10/1/2018,Ribera,NM,35.3,-105.6,28
10/1/2018,Springfield,MO,37.2,-93.3,57
10/1/2018,Tulsa,OK,36.1,-96,100
10/1/2018,Washington,DC,38.9,-77,20
10/1/2018,Blowing Rock,NC,36.1,-81.6,200
10/1/2018,Traphill,NC,36.3,-81,25
9/30/2018,Saint James,MO,38,-91.6,12
9/30/2018,Steeles Tavern,VA,38,-79.3,100
9/30/2018,Edwardsville,IL,38.8,-90,25
9/30/2018,Peabody,KS,38.2,-97.1,15
9/30/2018,St. Louis,MO,38.6,-90.2,15
9/30/2018,St. Louis,MO,38.6,-90.3,50
9/30/2018,Babylon,NY,40.6,-73.2,18
9/30/2018,Rule,TX,33.2,-99.9,500
9/30/2018,Butler,TN,36.4,-82,500
9/30/2018,Villa Ridge,MO,38.4,-90.9,100
9/30/2018,Batesville,IN,39.2,-85.3,300
9/30/2018,Ipswich,MA,42.7,-70.8,8
9/30/2018,Claflin,KS,38.4,-98.6,11
9/30/2018,Ronceverte,WV,37.7,-80.5,17
9/30/2018,Silver Spring,MD,39,-77,40
9/30/2018,Mason,OH,39.4,-84.3,19
9/30/2018,Waiteville,WV,37.5,-80.4,200
9/30/2018,Fairhaven,MA,41.6,-70.9,31
9/30/2018,Sparta,NC,36.4,-81.1,77
9/30/2018,Portsmouth,NH,43.1,-70.8,200
9/30/2018,Lexington,KY,38,-84.5,100
9/30/2018,Watrous,NM,35.8,-105,20
9/30/2018,Springfield,MO,37.2,-93.3,200
9/30/2018,Dayton,OH,39.8,-84.2,18
9/30/2018,Washington,DC,38.9,-77,20
9/29/2018,Steeles Tavern,VA,38,-79.3,356
9/29/2018,Valley Park,MO,38.6,-90.5,10
9/29/2018,Steeles Tavern,VA,38,-79.3,117
9/29/2018,Camdenton,MO,38.1,-92.8,62
9/29/2018,Jersey Shore,PA,41.2,-77.3,15
9/29/2018,Crozet,VA,38.2,-78.7,875
9/29/2018,East Tawas,MI,44.3,-83.5,78
9/29/2018,Babylon,NY,40.6,-73.2,100
9/29/2018,Kirkwood,MO,38.6,-90.4,50
9/29/2018,Washington,DC,38.9,-77,20
9/29/2018,Edwardsville,IL,38.8,-90,20
9/29/2018,Peabody,KS,38.2,-97.1,10
9/29/2018,Linville,NC,36.1,-81.8,550
9/29/2018,Berkeley Springs,WV,39.6,-78.2,100
9/29/2018,Warsaw,MO,38.3,-93.4,100
9/29/2018,Canton,NC,35.3,-83,41
9/29/2018,Hauppauge,NY,40.6,-73.3,560
9/29/2018,Norman,OK,35.2,-97.4,150
9/29/2018,Traphill,NC,36.3,-81,137
9/29/2018,Prairie State Park,MO,37.5,-94.6,1000
9/29/2018,Reydon,OK,35.6,-99.9,500
9/28/2018,Willard,MO,37.3,-93.4,62
9/28/2018,Camdenton,MO,38.1,-92.8,35
9/28/2018,Stillwater,OK,36.1,-97.1,24
9/28/2018,Springfield,MO,37.2,-93.3,50000
9/28/2018,Joplin,MO,37,-94.5,40
9/28/2018,Babylon,NY,40.6,-73.2,16
9/28/2018,Winchester,VA,39.3,-78.3,29
9/28/2018,Mason,OH,39.4,-84.3,42
9/28/2018,Mason,OH,39.4,-84.3,101
9/28/2018,Springfield,MO,37.3,-93.3,75
9/28/2018,New Kensington,PA,40.6,-79.8,10
9/28/2018,Newport,KY,39.1,-84.5,24
9/28/2018,Deshler,OH,41.3,-83.9,14
9/28/2018,Vernon,TX,34.2,-99.3,10
9/28/2018,Washington,DC,38.9,-77,20
9/28/2018,Tulsa,OK,36.2,-95.9,40
9/28/2018,Seymour,IN,39,-85.9,40
9/28/2018,Washington,MO,38.5,-91,100
9/27/2018,Springfield,MO,37.2,-93.3,20
9/27/2018,Rule,TX,33.2,-99.9,100
9/27/2018,Dexter,KS,37.1,-96.8,200
9/27/2018,Springfield,MO,37.2,-93.3,51
9/27/2018,Springfield,MO,37.2,-93.3,18
9/27/2018,Lee's Summit,MO,38.9,-94.4,50
9/27/2018,Williamsburg,IA,41.6,-92.2,30
9/27/2018,Rochester,TX,33.3,-99.8,20000
9/27/2018,Rule,TX,33.2,-100,30
9/27/2018,Rule,TX,33.2,-100,50
9/27/2018,Rule,TX,33.3,-99.9,200
9/27/2018,Peculiar,MO,38.7,-94.5,100
9/27/2018,Leamington,ON,41.9,-82.5,86
9/27/2018,St. Louis,MO,38.6,-90.2,50
9/27/2018,Camdenton,MO,38.1,-92.8,24
9/27/2018,Jefferson City,MO,38.6,-92.3,19
9/27/2018,Leamington,ON,41.9,-82.5,5400
9/27/2018,Dexter,KS,37.1,-96.8,200
9/27/2018,El Reno,OK,35.6,-98,30
9/27/2018,Miller,MO,37.2,-93.8,100
9/27/2018,Grovespring,MO,37.4,-92.6,100
9/27/2018,Butler,OK,35.6,-99.3,225
9/27/2018,Butler,OK,35.6,-99.3,200
9/27/2018,Washington,DC,38.9,-77,20
9/27/2018,Piqua,OH,40.1,-84.2,20
9/26/2018,Hanover,PA,39.8,-77,15
9/26/2018,Broad Run,VA,38.8,-77.7,30
9/26/2018,Milwaukee,WI,43,-87.9,45
9/26/2018,Kingsville,ON,42,-82.7,132
9/26/2018,Mequon,WI,43.3,-87.9,85
9/26/2018,Steeles Tavern,VA,38,-79.3,10
9/26/2018,Harrisville,MI,44.6,-83.3,202
9/26/2018,Orleans,IA,43.4,-95.1,40
9/26/2018,Bloomfield,NE,42.8,-97.7,59
9/26/2018,Weatherford,OK,35.5,-98.7,20
9/26/2018,Landisburg,PA,40.3,-77.3,15
9/26/2018,Nash,TX,33.4,-94.1,25
9/26/2018,West Bend,WI,43.4,-88.2,8
9/26/2018,Portland,CT,41.6,-72.6,5
9/26/2018,Miami,OK,36.9,-94.9,30
9/26/2018,Toronto,ON,43.7,-79.3,500
9/26/2018,Marion,IA,42,-91.6,100
9/26/2018,Washington,DC,38.9,-77,50
9/26/2018,Two Rivers,WI,44.1,-87.6,335
9/26/2018,Fluvanna,TX,32.9,-101.2,300
9/26/2018,Sheffield Lake,OH,41.5,-82.1,100
9/25/2018,Crozet,VA,38.2,-78.7,1500
9/25/2018,Herscher,IL,41,-88.1,30
9/25/2018,Norman,OK,35.3,-97.5,30
9/25/2018,Edmond,OK,35.7,-97.5,100
9/25/2018,Kirkwood,MO,38.6,-90.4,25
9/25/2018,Oklahoma City,OK,35.5,-97.5,10000
9/25/2018,Chickasha,OK,35.1,-98,1000
9/25/2018,Midwest City,OK,35.4,-97.4,225
9/25/2018,Edmond,OK,35.6,-97.5,2000
9/25/2018,Enid,OK,36.4,-97.9,20
9/25/2018,Yukon,OK,35.5,-97.8,50
9/25/2018,Eagleville,MO,40.5,-94.1,1516
9/25/2018,Rodney,ON,42.5,-81.6,600
9/24/2018,Kewadin,MI,44.9,-85.4,30
9/24/2018,Rolla,KS,37.1,-101.6,200
9/23/2018,Peyton,CO,38.9,-104.5,22
9/23/2018,Akron,CO,39.9,-103.3,100
9/23/2018,Colorado Springs,CO,38.8,-104.8,19
9/23/2018,Holcomb,KS,38,-101,36
9/23/2018,Gladstone,MO,39.2,-94.6,137
9/23/2018,Tulsa,OK,36.1,-96,30
9/23/2018,Savannah,MO,40,-94.9,2000
9/23/2018,Claflin,KS,38.4,-98.6,77
9/23/2018,Leamington,ON,41.9,-82.5,27
9/23/2018,Milford,CT,41.2,-73.1,10
9/23/2018,Port Stanley,ON,42.7,-81.2,250
9/23/2018,Deerfield,NH,43.2,-71.2,30
9/23/2018,Amherstburg,ON,42,-83,270
9/23/2018,Madison,WI,43.1,-89.4,19
9/23/2018,St. Louis,MO,38.6,-90.4,30
9/23/2018,Mayville,WI,43.6,-88.7,37
9/23/2018,Viroqua,WI,43.6,-90.8,18
9/23/2018,Ulysses,KS,37.6,-101.5,300
9/22/2018,Washington,DC,38.9,-77,30
9/22/2018,Lenexa,KS,39,-94.7,200
9/22/2018,Bloomfield,NE,42.8,-97.7,17
9/22/2018,Bowie,MD,39,-76.7,20
9/22/2018,Rapid City,SD,44,-103.2,24
9/22/2018,Spring Lake,NJ,40.2,-74,10
9/22/2018,Westwood,NJ,41,-74.1,6
9/22/2018,Gresham,WI,44.9,-88.8,50
9/21/2018,Sinclairville,NY,42.3,-79.3,200
9/21/2018,St. Louis,MO,38.5,-90.3,6
9/21/2018,Richmond,MI,42.8,-82.8,10
9/21/2018,Vincennes,IN,38.7,-87.5,45
9/21/2018,Golden Eagle,IL,38.9,-90.6,500
9/21/2018,Earl Park,IN,40.7,-87.5,1000
9/21/2018,Atchison,KS,39.5,-95.1,100
9/21/2018,Iowa City,IA,41.6,-91.5,50
9/20/2018,Snyder,CO,40.3,-103.6,35
9/20/2018,Chatham-Kent,ON,42.4,-82.2,8
9/20/2018,Pueblo,CO,38.4,-104.3,30
9/20/2018,Snyder,CO,40.3,-103.6,35
9/20/2018,Colorado Springs,CO,38.8,-104.8,40
9/20/2018,Claflin,KS,38.4,-98.6,22
9/20/2018,Oshawa,ON,43.9,-78.9,400
9/20/2018,South Milwaukee,WI,42.9,-87.8,105
9/20/2018,Grand Island,NE,40.9,-98.4,27
9/20/2018,Hartley,IA,43.1,-95.5,50
9/20/2018,Pentwater,MI,43.8,-86.4,19
9/20/2018,Steeles Tavern,VA,38,-79.3,9
9/20/2018,Sawyer,MI,41.9,-86.6,100
9/20/2018,Orchard,CO,40.4,-104.1,15
9/20/2018,DuBois,PA,41.1,-78.8,20
9/19/2018,Urbana,IL,40.1,-88.2,190
9/19/2018,Port Colborne,ON,42.9,-79.2,10000
9/19/2018,Chicago,IL,41.9,-87.6,100
9/19/2018,Cumberland,ME,43.7,-70.2,8
9/18/2018,Olean,NY,42.1,-78.4,150
9/18/2018,Savannah,MO,40,-94.9,10000
9/18/2018,St. Louis,MO,38.5,-90.4,40
9/18/2018,Boyertown,PA,40.3,-75.6,20
9/18/2018,Omaha,NE,41.2,-95.9,75
9/18/2018,Sinclairville,NY,42.3,-79.3,40
9/18/2018,Perry,OH,41.8,-81.2,200
9/18/2018,Meredith,NH,43.7,-71.5,45
9/18/2018,Muirkirk,ON,42.5,-81.7,32
9/18/2018,Union,ON,42.7,-81.2,330
9/17/2018,Stevensville,MI,42,-86.5,20
9/17/2018,Wheat Ridge,CO,39.8,-105.1,11
9/17/2018,Sullivan,IN,39.1,-87.3,50
9/17/2018,Burlington,CT,41.8,-73,10
9/17/2018,Urbana,IL,40.1,-88.2,160
9/17/2018,Leamington,ON,41.9,-82.5,16
9/17/2018,Minneapolis,MN,44.9,-93.3,50
9/17/2018,Bayside,WI,43.2,-87.9,70
9/17/2018,Dashwood,ON,43.4,-81.7,12
9/16/2018,Scranton,PA,41.4,-75.7,15
9/16/2018,Conneaut,OH,42,-80.6,300
9/16/2018,Norwich,VT,43.7,-72.4,9
9/16/2018,Woodbury,MN,44.9,-93,15
9/16/2018,Bridgman,MI,41.9,-86.6,15
9/16/2018,Minnesota Lake,MN,43.9,-93.8,50
9/16/2018,Grand Haven,MI,43,-86.2,80
9/16/2018,Indianapolis,IN,39.8,-86.2,53
9/16/2018,Mount Holly,VT,43.4,-72.8,42
9/16/2018,Leamington,ON,41.9,-82.5,20
9/16/2018,Oshawa,ON,43.9,-78.9,84
9/16/2018,Saint Paul,MN,44.9,-93.1,150
9/16/2018,Brewster,NE,42.1,-99.9,115
9/15/2018,Cleveland,OH,41.5,-81.7,150
9/15/2018,Williamstown,MA,42.7,-73.2,30
9/15/2018,Buffalo,NY,42.9,-78.9,50
9/15/2018,Brookings,SD,44.3,-96.8,25
9/15/2018,Carthage,IN,39.7,-85.6,12
9/15/2018,Monona,IA,43,-91.4,100
9/15/2018,Rapid River,MI,45.7,-87,30
9/15/2018,Cleveland,OH,41.5,-81.6,75
9/15/2018,Pekin,IL,40.6,-89.6,43
9/15/2018,Guys Mills,PA,41.6,-80,16
9/15/2018,Honeoye Falls,NY,42.9,-77.6,200
9/15/2018,Greenfield,IL,39.3,-90.1,50
9/15/2018,Spring Lake,MI,43.1,-86.2,100
9/15/2018,Brownstown,MI,42.1,-83.3,653
9/15/2018,Trenton,MI,42.1,-83.2,10
9/15/2018,Amherstburg,ON,42.1,-83.1,777
9/15/2018,Claflin,KS,38.4,-98.6,124
9/15/2018,Savannah,NY,43,-76.7,500
9/15/2018,Lexington,MI,43.3,-82.5,20
9/15/2018,North Platte,NE,41.1,-100.8,60
9/15/2018,Amherstburg,ON,42,-83,777
9/14/2018,Lake View,NY,42.7,-78.9,150
9/14/2018,Snyder,CO,40.3,-103.6,10
9/14/2018,Snyder,CO,40.3,-103.6,20
9/14/2018,Ontario,NY,43.3,-77.3,2000
9/14/2018,Carthage,IN,39.7,-85.6,21
9/14/2018,Worthington,MN,43.6,-95.6,100
9/14/2018,New Baltimore,MI,42.7,-82.9,60
9/14/2018,Red Wing,MN,44.5,-92.4,100
9/14/2018,Iowa City,IA,41.7,-91.6,43
9/14/2018,Tinley Park,IL,41.6,-87.9,362
9/14/2018,Holderness,NH,43.8,-71.5,12
9/14/2018,Fairport Harbor,OH,41.8,-81.3,2000
9/14/2018,Kearney,NE,40.7,-99.1,40
9/13/2018,Sterling Heights,MI,42.6,-83,27
9/13/2018,,MI,45.5,-86.7,428
9/13/2018,Covert,MI,42.3,-86.3,1500
9/13/2018,Iowa City,IA,41.7,-91.6,78
9/13/2018,Chicago,IL,41.9,-87.6,60
9/13/2018,Sawyer,MI,41.9,-86.6,100
9/12/2018,Henderson,MN,44.5,-93.9,20
9/12/2018,Saint Paul,MN,44.9,-93.1,19
9/12/2018,Iowa City,IA,41.7,-91.5,20
9/12/2018,Frankfort,IN,40.3,-86.5,56
9/12/2018,Sterling,NY,43.4,-76.7,400
9/11/2018,Hammond,IN,41.6,-87.5,42
9/11/2018,New Castle,IN,39.9,-85.4,55
9/11/2018,Oakville,ON,43.4,-79.7,80
9/11/2018,Ridgefield Park,NJ,40.9,-74,120
9/11/2018,Wapakoneta,OH,40.6,-84.1,30
9/11/2018,Oakville,ON,43.5,-79.7,100
9/11/2018,McFarland,WI,43,-89.3,40
9/11/2018,Holderness,NH,43.7,-71.7,50
9/10/2018,Euclid,OH,41.6,-81.5,1000
9/10/2018,Peoria,IL,41,-89.4,600
9/10/2018,Tinley Park,IL,41.6,-87.9,201
9/8/2018,Bayside,WI,43.2,-87.9,50
9/7/2018,Chicago,IL,41.9,-87.6,40
9/7/2018,Western Springs,IL,41.8,-87.9,100
9/7/2018,Orleans,IA,43.4,-95.1,15
9/7/2018,Mount Pleasant,MI,43.6,-84.7,418
9/7/2018,Bloomingdale,NY,44.4,-74.1,10
9/7/2018,Port Rowan,ON,42.6,-80.6,16000
9/7/2018,Rapid River,MI,45.7,-87,32
9/7/2018,Toronto,ON,43.7,-79.3,6000
9/7/2018,Fremont,OH,41.4,-83.1,78
9/7/2018,Kenosha,WI,42.6,-87.8,100
9/7/2018,Ajax,ON,43.9,-79,300
9/7/2018,Jeffersonville,IN,38.3,-85.7,37
9/7/2018,Muirkirk,ON,42.5,-81.7,50000
9/7/2018,Woodstock,ON,43.1,-80.7,26
9/7/2018,Leamington,ON,41.9,-82.5,10000
9/7/2018,Rodney,ON,42.5,-81.6,1000
9/7/2018,Whitehall,MI,43.3,-86.4,100
9/7/2018,Jefferson City,MO,38.5,-92.1,150
9/6/2018,Southwest Harbor,ME,44.3,-68.3,40
9/6/2018,Harrisville,MI,44.6,-83.3,409
9/6/2018,Mount Pleasant,MI,43.6,-84.7,75
9/6/2018,Plympton-Wyoming,ON,43,-82.2,200
9/6/2018,Cobourg,ON,44,-78.1,1000
9/6/2018,Brunswick,OH,41.2,-81.8,200
9/6/2018,Kitchener,ON,43.4,-80.5,79
9/6/2018,Rapid River,MI,45.7,-87,2000
9/6/2018,Cleveland,OH,41.6,-81.6,200
9/6/2018,Brighton,ON,44,-77.7,1000
9/5/2018,Peru,VT,43.3,-72.9,24
9/5/2018,Erie,PA,42.1,-80.1,150
9/5/2018,Mount Holly,VT,43.4,-72.8,38
9/5/2018,Egg Harbor,WI,45.1,-87.3,50
9/4/2018,Callander,ON,46.2,-79.5,100
9/4/2018,Toronto,ON,43.7,-79.3,200
9/4/2018,Iron Mountain,MI,45.9,-87.9,30
9/4/2018,Rosebush,MI,43.7,-84.8,200
9/4/2018,North Conway,NH,44.1,-71.1,1000
9/4/2018,Mount Holly,VT,43.5,-72.8,100
9/4/2018,Norway,MI,45.8,-87.9,100
9/4/2018,Vulcan,MI,45.8,-87.8,35
9/4/2018,Woodstock,ON,43.1,-80.7,3900
9/3/2018,Grawn,MI,44.7,-85.7,15
9/3/2018,Arcadia,MI,44.6,-86.2,200
9/3/2018,Kewadin,MI,45,-85.4,50
9/3/2018,Armada,MI,42.8,-83,300
9/3/2018,Glenwood,MN,45.6,-95.4,16
9/3/2018,Brussels,WI,44.7,-87.6,50
9/3/2018,Onekama,MI,44.4,-86.3,100
9/3/2018,Danby,VT,43.4,-73,10
9/3/2018,Norway,MI,45.8,-87.9,75
9/3/2018,Frankfort,MI,44.6,-86.2,100
9/3/2018,Naubinway,MI,46.1,-85.4,100
9/3/2018,Iron Bridge,ON,46.3,-83.2,1000
9/3/2018,Sawyer,MI,41.9,-86.6,50
9/3/2018,Rapid River,MI,45.9,-87,36
9/3/2018,De Pere,WI,44.4,-88.1,200
9/2/2018,Creemore,ON,44.4,-80.1,100
9/2/2018,Minneapolis,MN,44.9,-93.3,40
9/2/2018,Killarney,ON,46,-81.5,200
9/2/2018,Cheboygan,MI,45.7,-84.3,300
9/2/2018,Buffalo,NY,42.9,-78.9,1000
9/2/2018,Lake Huron,ON,46.2,-84.1,100
9/2/2018,De Pere,WI,44.4,-88.1,51
9/2/2018,Magog,QC,45.2,-72.1,100
9/1/2018,Glenwood,MN,45.7,-95.4,57
9/1/2018,Canaan,NH,43.6,-72,7
9/1/2018,Drummond,MI,46,-83.9,100
9/1/2018,Buffalo,NY,43,-78.8,25
9/1/2018,Buffalo,NY,43,-78.8,25
9/1/2018,Watkins,MN,45.3,-94.4,23
9/1/2018,Glenwood,MN,45.6,-95.4,42
9/1/2018,Rochester,VT,43.8,-72.8,300
9/1/2018,Athens,ON,44.6,-75.9,200
8/31/2018,Port Huron,MI,43,-82.4,28
8/31/2018,Port Huron,MI,43,-82.4,22
8/31/2018,Rochester,NY,43.2,-77.6,20
8/31/2018,Sarnia,ON,43,-82.4,100
8/31/2018,Sheboygan,WI,43.8,-87.7,28
8/31/2018,Maple City,MI,45,-85.9,200
8/31/2018,Britton,SD,45.8,-97.6,200
8/31/2018,Frankfort,MI,44.6,-86.2,50
8/31/2018,Lexington,MI,43.3,-82.5,100
8/30/2018,Port Clinton,OH,41.5,-82.9,18
8/30/2018,Toronto,ON,43.6,-79.5,50
8/30/2018,Henderson,MN,44.5,-93.9,50
8/30/2018,Kincardine,ON,44.1,-81.7,200
8/30/2018,Canaan,NH,43.6,-72,10
8/30/2018,Fredericton,NB,45.9,-66.6,18
8/30/2018,Hanover,IL,42.2,-90.3,50
8/30/2018,Bay Shore,NY,40.6,-73.2,30
8/30/2018,South Haven,MI,42.4,-86.3,200
8/29/2018,Hanover,NH,43.7,-72.3,10
8/29/2018,Menominee,MI,45.1,-87.6,33
8/29/2018,Red Wing,MN,44.6,-92.6,40
8/29/2018,Watertown,SD,44.9,-97.1,200
8/29/2018,North Augusta,ON,44.8,-75.7,100
8/29/2018,Halton Hills,ON,43.6,-79.9,100
8/28/2018,Brighton,ON,44,-77.7,131
8/28/2018,Brookings,SD,44.2,-96.8,300
8/26/2018,Canaan,NH,43.6,-72,10
8/26/2018,South Haven,MI,42.4,-86.3,56
8/25/2018,Osceola,WI,45.2,-92.7,400
8/25/2018,Shawano,WI,44.8,-88.6,100
8/25/2018,Minneapolis,MN,45,-93.4,50
8/23/2018,Harrisville,MI,44.7,-83.3,102
8/23/2018,East Tawas,MI,44.3,-83.5,1000
8/23/2018,Toronto,ON,43.7,-79.4,800
8/23/2018,Erie,PA,42.1,-80.1,100
8/22/2018,Harrisville,MI,44.6,-83.3,1016
8/22/2018,Chanhassen,MN,44.9,-93.6,100
8/22/2018,East Tawas,MI,44.3,-83.4,1000
8/22/2018,Atlanta,MI,45.2,-84.2,100
8/22/2018,Sheboygan,WI,43.8,-87.7,50
8/22/2018,Falcon Heights,MN,45,-93.2,50
8/20/2018,Harbor Springs,MI,45.4,-85,200
8/20/2018,Harbor Springs,MI,45.4,-85,250
8/20/2018,Petoskey,MI,45.4,-85,250
8/18/2018,Kemble,ON,44.7,-80.9,200
8/15/2018,Cambridge,NS,45.1,-64.6,85
