common_name,scientific_name,prediction_year,region_type,region_code,region_name,season,start_date,end_date,abundance_mean,total_pop_percent,range_percent_occupied,range_total_percent,range_days_occupation
Ruby-throated Hummingbird,Archilochus colubris,2022,country,BLZ,Belize,nonbreeding,12/6/2022,3/1/2022,0.0868,0.0104,0.797,0.0204,91
Ruby-throated Hummingbird,Archilochus colubris,2022,country,BLZ,Belize,postbreeding_migration,8/2/2022,11/29/2022,0.0042,1.00E-04,0.2162,9.00E-04,56
Ruby-throated Hummingbird,Archilochus colubris,2022,country,BLZ,Belize,prebreeding_migration,3/8/2022,5/31/2022,0.0648,0.0033,0.769,0.004,56
Ruby-throated Hummingbird,Archilochus colubris,2022,country,CAN,Canada,breeding,6/7/2022,7/26/2022,0.0125,0.1188,0.081,0.2295,56
Ruby-throated Hummingbird,Archilochus colubris,2022,country,CAN,Canada,postbreeding_migration,8/2/2022,11/29/2022,0.0113,0.0885,0.1187,0.206,56
Ruby-throated Hummingbird,Archilochus colubris,2022,country,CAN,Canada,prebreeding_migration,3/8/2022,5/31/2022,0.0044,0.0884,0.0928,0.1915,28
Ruby-throated Hummingbird,Archilochus colubris,2022,country,CRI,Costa Rica,nonbreeding,12/6/2022,3/1/2022,0.2028,0.0526,0.7201,0.0398,91
Ruby-throated Hummingbird,Archilochus colubris,2022,country,CRI,Costa Rica,postbreeding_migration,8/2/2022,11/29/2022,0.0447,0.0019,0.621,0.0058,70
Ruby-throated Hummingbird,Archilochus colubris,2022,country,CRI,Costa Rica,prebreeding_migration,3/8/2022,5/31/2022,0.0263,0.0029,0.6055,0.0068,49
Ruby-throated Hummingbird,Archilochus colubris,2022,country,GTM,Guatemala,nonbreeding,12/6/2022,3/1/2022,0.2356,0.1222,0.9397,0.1038,91
Ruby-throated Hummingbird,Archilochus colubris,2022,country,GTM,Guatemala,postbreeding_migration,8/2/2022,11/29/2022,0.0885,0.0075,0.5601,0.0105,84
Ruby-throated Hummingbird,Archilochus colubris,2022,country,GTM,Guatemala,prebreeding_migration,3/8/2022,5/31/2022,0.0687,0.015,0.8481,0.0189,63
Ruby-throated Hummingbird,Archilochus colubris,2022,country,HND,Honduras,nonbreeding,12/6/2022,3/1/2022,0.2433,0.1338,0.8356,0.0978,91
Ruby-throated Hummingbird,Archilochus colubris,2022,country,HND,Honduras,postbreeding_migration,8/2/2022,11/29/2022,0.1142,0.0103,0.6778,0.0135,91
Ruby-throated Hummingbird,Archilochus colubris,2022,country,HND,Honduras,prebreeding_migration,3/8/2022,5/31/2022,0.0441,0.0102,0.7798,0.0184,49
Ruby-throated Hummingbird,Archilochus colubris,2022,country,MEX,Mexico,nonbreeding,12/6/2022,3/1/2022,0.0507,0.4785,0.302,0.6073,91
Ruby-throated Hummingbird,Archilochus colubris,2022,country,MEX,Mexico,postbreeding_migration,8/2/2022,11/29/2022,0.0705,0.1088,0.494,0.1684,112
Ruby-throated Hummingbird,Archilochus colubris,2022,country,MEX,Mexico,prebreeding_migration,3/8/2022,5/31/2022,0.025,0.0992,0.2835,0.115,70
Ruby-throated Hummingbird,Archilochus colubris,2022,country,NIC,Nicaragua,nonbreeding,12/6/2022,3/1/2022,0.2451,0.1457,0.7844,0.0993,91
Ruby-throated Hummingbird,Archilochus colubris,2022,country,NIC,Nicaragua,postbreeding_migration,8/2/2022,11/29/2022,0.0663,0.0064,0.6584,0.0141,77
Ruby-throated Hummingbird,Archilochus colubris,2022,country,NIC,Nicaragua,prebreeding_migration,3/8/2022,5/31/2022,0.047,0.0117,0.7714,0.0197,49
Ruby-throated Hummingbird,Archilochus colubris,2022,country,PAN,Panama,nonbreeding,12/6/2022,3/1/2022,0.0019,8.00E-04,0.0776,0.0066,91
Ruby-throated Hummingbird,Archilochus colubris,2022,country,PAN,Panama,postbreeding_migration,8/2/2022,11/29/2022,3.00E-04,0,0.0563,8.00E-04,35
Ruby-throated Hummingbird,Archilochus colubris,2022,country,PAN,Panama,prebreeding_migration,3/8/2022,5/31/2022,1.00E-04,0,0.0212,4.00E-04,14
Ruby-throated Hummingbird,Archilochus colubris,2022,country,SLV,El Salvador,nonbreeding,12/6/2022,3/1/2022,0.4938,0.0508,0.8943,0.0196,91
Ruby-throated Hummingbird,Archilochus colubris,2022,country,SLV,El Salvador,postbreeding_migration,8/2/2022,11/29/2022,0.172,0.0029,0.8637,0.0032,70
Ruby-throated Hummingbird,Archilochus colubris,2022,country,SLV,El Salvador,prebreeding_migration,3/8/2022,5/31/2022,0.0909,0.0039,0.8845,0.0039,49
Ruby-throated Hummingbird,Archilochus colubris,2022,country,SPM,Saint Pierre and Miquelon,breeding,6/7/2022,7/26/2022,3.00E-04,0,0.0122,0,7
Ruby-throated Hummingbird,Archilochus colubris,2022,country,SPM,Saint Pierre and Miquelon,prebreeding_migration,3/8/2022,5/31/2022,3.00E-04,0,0.0122,0,7
Ruby-throated Hummingbird,Archilochus colubris,2022,country,USA,United States,breeding,6/7/2022,7/26/2022,0.0993,0.8812,0.2908,0.7705,56
Ruby-throated Hummingbird,Archilochus colubris,2022,country,USA,United States,nonbreeding,12/6/2022,3/1/2022,1.00E-04,0.0052,6.00E-04,0.0054,0
Ruby-throated Hummingbird,Archilochus colubris,2022,country,USA,United States,postbreeding_migration,8/2/2022,11/29/2022,0.1053,0.7736,0.3552,0.5767,84
Ruby-throated Hummingbird,Archilochus colubris,2022,country,USA,United States,prebreeding_migration,3/8/2022,5/31/2022,0.0406,0.7655,0.3217,0.6215,77
Ruby-throated Hummingbird,Archilochus colubris,2022,state,BLZ-1323,Belize,nonbreeding,12/6/2022,3/1/2022,0.0473,0.0013,0.469,0.0027,91
Ruby-throated Hummingbird,Archilochus colubris,2022,state,BLZ-1323,Belize,postbreeding_migration,8/2/2022,11/29/2022,0.0062,0,0.3116,3.00E-04,42
Ruby-throated Hummingbird,Archilochus colubris,2022,state,BLZ-1323,Belize,prebreeding_migration,3/8/2022,5/31/2022,0.0378,4.00E-04,0.5214,6.00E-04,56
Ruby-throated Hummingbird,Archilochus colubris,2022,state,BLZ-1324,Cayo,nonbreeding,12/6/2022,3/1/2022,0.1048,0.0026,1,0.0053,91
Ruby-throated Hummingbird,Archilochus colubris,2022,state,BLZ-1324,Cayo,postbreeding_migration,8/2/2022,11/29/2022,0.0011,0,0.1398,1.00E-04,56
Ruby-throated Hummingbird,Archilochus colubris,2022,state,BLZ-1324,Cayo,prebreeding_migration,3/8/2022,5/31/2022,0.0852,9.00E-04,0.9019,0.001,63
Ruby-throated Hummingbird,Archilochus colubris,2022,state,BLZ-1325,Corozal,nonbreeding,12/6/2022,3/1/2022,0.0642,7.00E-04,0.7125,0.0016,91
Ruby-throated Hummingbird,Archilochus colubris,2022,state,BLZ-1325,Corozal,postbreeding_migration,8/2/2022,11/29/2022,0.008,0,0.4287,2.00E-04,35
Ruby-throated Hummingbird,Archilochus colubris,2022,state,BLZ-1325,Corozal,prebreeding_migration,3/8/2022,5/31/2022,0.0466,2.00E-04,0.652,3.00E-04,56
Ruby-throated Hummingbird,Archilochus colubris,2022,state,BLZ-1326,Orange Walk,nonbreeding,12/6/2022,3/1/2022,0.132,0.0029,0.9895,0.0047,91
Ruby-throated Hummingbird,Archilochus colubris,2022,state,BLZ-1326,Orange Walk,postbreeding_migration,8/2/2022,11/29/2022,0.0057,0,0.3096,2.00E-04,42
Ruby-throated Hummingbird,Archilochus colubris,2022,state,BLZ-1326,Orange Walk,prebreeding_migration,3/8/2022,5/31/2022,0.1003,9.00E-04,0.9856,9.00E-04,56
Ruby-throated Hummingbird,Archilochus colubris,2022,state,BLZ-1355,Stann Creek,nonbreeding,12/6/2022,3/1/2022,0.0843,0.0011,0.779,0.0022,91
Ruby-throated Hummingbird,Archilochus colubris,2022,state,BLZ-1355,Stann Creek,postbreeding_migration,8/2/2022,11/29/2022,0.0044,0,0.1342,1.00E-04,49
Ruby-throated Hummingbird,Archilochus colubris,2022,state,BLZ-1355,Stann Creek,prebreeding_migration,3/8/2022,5/31/2022,0.0527,3.00E-04,0.6795,4.00E-04,56
Ruby-throated Hummingbird,Archilochus colubris,2022,state,BLZ-1356,Toledo,nonbreeding,12/6/2022,3/1/2022,0.0814,0.0018,0.8225,0.0039,91
Ruby-throated Hummingbird,Archilochus colubris,2022,state,BLZ-1356,Toledo,postbreeding_migration,8/2/2022,11/29/2022,0.0018,0,0.04,0,70
Ruby-throated Hummingbird,Archilochus colubris,2022,state,BLZ-1356,Toledo,prebreeding_migration,3/8/2022,5/31/2022,0.0547,5.00E-04,0.8104,8.00E-04,56
Ruby-throated Hummingbird,Archilochus colubris,2022,state,CAN-AB,Alberta,breeding,6/7/2022,7/26/2022,1.00E-04,1.00E-04,0.001,2.00E-04,0
Ruby-throated Hummingbird,Archilochus colubris,2022,state,CAN-AB,Alberta,postbreeding_migration,8/2/2022,11/29/2022,6.00E-04,3.00E-04,0.0159,0.0018,28
Ruby-throated Hummingbird,Archilochus colubris,2022,state,CAN-AB,Alberta,prebreeding_migration,3/8/2022,5/31/2022,0,0,5.00E-04,1.00E-04,0
Ruby-throated Hummingbird,Archilochus colubris,2022,state,CAN-BC,British Columbia,breeding,6/7/2022,7/26/2022,0,0,1.00E-04,0,0
Ruby-throated Hummingbird,Archilochus colubris,2022,state,CAN-BC,British Columbia,prebreeding_migration,3/8/2022,5/31/2022,0,0,1.00E-04,0,0
Ruby-throated Hummingbird,Archilochus colubris,2022,state,CAN-MB,Manitoba,breeding,6/7/2022,7/26/2022,0.0043,0.0025,0.0664,0.0116,56
Ruby-throated Hummingbird,Archilochus colubris,2022,state,CAN-MB,Manitoba,postbreeding_migration,8/2/2022,11/29/2022,0.006,0.0029,0.1386,0.0148,42
Ruby-throated Hummingbird,Archilochus colubris,2022,state,CAN-MB,Manitoba,prebreeding_migration,3/8/2022,5/31/2022,0.0096,0.0119,0.252,0.032,21
Ruby-throated Hummingbird,Archilochus colubris,2022,state,CAN-NB,New Brunswick,breeding,6/7/2022,7/26/2022,0.2007,0.0144,0.9266,0.0199,56
Ruby-throated Hummingbird,Archilochus colubris,2022,state,CAN-NB,New Brunswick,postbreeding_migration,8/2/2022,11/29/2022,0.127,0.0076,0.9515,0.0125,49
Ruby-throated Hummingbird,Archilochus colubris,2022,state,CAN-NB,New Brunswick,prebreeding_migration,3/8/2022,5/31/2022,0.0445,0.0068,0.8854,0.0139,28
Ruby-throated Hummingbird,Archilochus colubris,2022,state,CAN-NS,Nova Scotia,breeding,6/7/2022,7/26/2022,0.2207,0.0138,0.7981,0.0149,56
Ruby-throated Hummingbird,Archilochus colubris,2022,state,CAN-NS,Nova Scotia,postbreeding_migration,8/2/2022,11/29/2022,0.1147,0.0059,0.8438,0.0096,49
Ruby-throated Hummingbird,Archilochus colubris,2022,state,CAN-NS,Nova Scotia,prebreeding_migration,3/8/2022,5/31/2022,0.0378,0.005,0.7481,0.0102,28
Ruby-throated Hummingbird,Archilochus colubris,2022,state,CAN-ON,Ontario,breeding,6/7/2022,7/26/2022,0.0423,0.0394,0.3785,0.1051,56
Ruby-throated Hummingbird,Archilochus colubris,2022,state,CAN-ON,Ontario,postbreeding_migration,8/2/2022,11/29/2022,0.0471,0.0363,0.5221,0.0888,63
Ruby-throated Hummingbird,Archilochus colubris,2022,state,CAN-ON,Ontario,prebreeding_migration,3/8/2022,5/31/2022,0.0153,0.0302,0.3539,0.0716,28
Ruby-throated Hummingbird,Archilochus colubris,2022,state,CAN-PE,Prince Edward Island,breeding,6/7/2022,7/26/2022,0.1119,9.00E-04,0.6113,0.0014,56
Ruby-throated Hummingbird,Archilochus colubris,2022,state,CAN-PE,Prince Edward Island,postbreeding_migration,8/2/2022,11/29/2022,0.0553,3.00E-04,0.5803,8.00E-04,49
Ruby-throated Hummingbird,Archilochus colubris,2022,state,CAN-PE,Prince Edward Island,prebreeding_migration,3/8/2022,5/31/2022,0.0274,4.00E-04,0.6799,0.0011,21
Ruby-throated Hummingbird,Archilochus colubris,2022,state,CAN-QC,QuÃ©bec,breeding,6/7/2022,7/26/2022,0.033,0.0471,0.1745,0.0744,56
Ruby-throated Hummingbird,Archilochus colubris,2022,state,CAN-QC,QuÃ©bec,postbreeding_migration,8/2/2022,11/29/2022,0.0291,0.0344,0.2845,0.0743,49
Ruby-throated Hummingbird,Archilochus colubris,2022,state,CAN-QC,QuÃ©bec,prebreeding_migration,3/8/2022,5/31/2022,0.0107,0.0326,0.1821,0.0566,28
Ruby-throated Hummingbird,Archilochus colubris,2022,state,CAN-SK,Saskatchewan,breeding,6/7/2022,7/26/2022,0.0011,7.00E-04,0.0117,0.0021,35
Ruby-throated Hummingbird,Archilochus colubris,2022,state,CAN-SK,Saskatchewan,postbreeding_migration,8/2/2022,11/29/2022,0.0015,7.00E-04,0.031,0.0034,28
Ruby-throated Hummingbird,Archilochus colubris,2022,state,CAN-SK,Saskatchewan,prebreeding_migration,3/8/2022,5/31/2022,0.0011,0.0014,0.0469,0.0061,14
Ruby-throated Hummingbird,Archilochus colubris,2022,state,CRI-1327,Cartago,nonbreeding,12/6/2022,3/1/2022,0.0383,6.00E-04,0.3607,0.0011,91
Ruby-throated Hummingbird,Archilochus colubris,2022,state,CRI-1327,Cartago,postbreeding_migration,8/2/2022,11/29/2022,0.0226,1.00E-04,0.3844,2.00E-04,70
Ruby-throated Hummingbird,Archilochus colubris,2022,state,CRI-1327,Cartago,prebreeding_migration,3/8/2022,5/31/2022,0.0047,0,0.3005,2.00E-04,49
Ruby-throated Hummingbird,Archilochus colubris,2022,state,CRI-1328,Heredia,nonbreeding,12/6/2022,3/1/2022,0.0471,6.00E-04,0.7002,0.0019,91
Ruby-throated Hummingbird,Archilochus colubris,2022,state,CRI-1328,Heredia,postbreeding_migration,8/2/2022,11/29/2022,0.0101,0,0.1983,1.00E-04,70
Ruby-throated Hummingbird,Archilochus colubris,2022,state,CRI-1328,Heredia,prebreeding_migration,3/8/2022,5/31/2022,0.0052,0,0.338,2.00E-04,49
Ruby-throated Hummingbird,Archilochus colubris,2022,state,CRI-1329,LimÃ³n,nonbreeding,12/6/2022,3/1/2022,0.0126,6.00E-04,0.4041,0.004,91
Ruby-throated Hummingbird,Archilochus colubris,2022,state,CRI-1329,LimÃ³n,postbreeding_migration,8/2/2022,11/29/2022,0.0018,0,0.1409,2.00E-04,42
Ruby-throated Hummingbird,Archilochus colubris,2022,state,CRI-1329,LimÃ³n,prebreeding_migration,3/8/2022,5/31/2022,8.00E-04,0,0.1888,4.00E-04,21
Ruby-throated Hummingbird,Archilochus colubris,2022,state,CRI-1330,Puntarenas,nonbreeding,12/6/2022,3/1/2022,0.1285,0.0081,0.6697,0.009,91
Ruby-throated Hummingbird,Archilochus colubris,2022,state,CRI-1330,Puntarenas,postbreeding_migration,8/2/2022,11/29/2022,0.0261,3.00E-04,0.6187,0.0014,70
Ruby-throated Hummingbird,Archilochus colubris,2022,state,CRI-1330,Puntarenas,prebreeding_migration,3/8/2022,5/31/2022,0.015,4.00E-04,0.504,0.0014,49
Ruby-throated Hummingbird,Archilochus colubris,2022,state,CRI-1331,San JosÃ©,nonbreeding,12/6/2022,3/1/2022,0.1374,0.0033,0.7667,0.0039,91
Ruby-throated Hummingbird,Archilochus colubris,2022,state,CRI-1331,San JosÃ©,postbreeding_migration,8/2/2022,11/29/2022,0.0433,2.00E-04,0.8013,7.00E-04,70
Ruby-throated Hummingbird,Archilochus colubris,2022,state,CRI-1331,San JosÃ©,prebreeding_migration,3/8/2022,5/31/2022,0.016,2.00E-04,0.6756,7.00E-04,49
Ruby-throated Hummingbird,Archilochus colubris,2022,state,CRI-1333,Alajuela,nonbreeding,12/6/2022,3/1/2022,0.247,0.0112,0.9344,0.009,91
Ruby-throated Hummingbird,Archilochus colubris,2022,state,CRI-1333,Alajuela,postbreeding_migration,8/2/2022,11/29/2022,0.0562,4.00E-04,0.8556,0.0014,70
Ruby-throated Hummingbird,Archilochus colubris,2022,state,CRI-1333,Alajuela,prebreeding_migration,3/8/2022,5/31/2022,0.038,7.00E-04,0.9197,0.0018,49
Ruby-throated Hummingbird,Archilochus colubris,2022,state,CRI-1334,Guanacaste,nonbreeding,12/6/2022,3/1/2022,0.5319,0.0283,0.9572,0.0108,91
Ruby-throated Hummingbird,Archilochus colubris,2022,state,CRI-1334,Guanacaste,postbreeding_migration,8/2/2022,11/29/2022,0.1097,0.001,0.931,0.0018,63
Ruby-throated Hummingbird,Archilochus colubris,2022,state,CRI-1334,Guanacaste,prebreeding_migration,3/8/2022,5/31/2022,0.0678,0.0015,0.9403,0.0021,49
Ruby-throated Hummingbird,Archilochus colubris,2022,state,GTM-1942,Baja Verapaz,nonbreeding,12/6/2022,3/1/2022,0.3369,0.0046,1,0.0029,91
Ruby-throated Hummingbird,Archilochus colubris,2022,state,GTM-1942,Baja Verapaz,postbreeding_migration,8/2/2022,11/29/2022,0.2133,5.00E-04,0.9909,5.00E-04,70
Ruby-throated Hummingbird,Archilochus colubris,2022,state,GTM-1942,Baja Verapaz,prebreeding_migration,3/8/2022,5/31/2022,0.038,2.00E-04,0.9156,5.00E-04,42
Ruby-throated Hummingbird,Archilochus colubris,2022,state,GTM-1943,Huehuetenango,nonbreeding,12/6/2022,3/1/2022,0.324,0.0112,0.9812,0.0072,91
Ruby-throated Hummingbird,Archilochus colubris,2022,state,GTM-1943,Huehuetenango,postbreeding_migration,8/2/2022,11/29/2022,0.1599,9.00E-04,0.8683,0.0011,84
Ruby-throated Hummingbird,Archilochus colubris,2022,state,GTM-1943,Huehuetenango,prebreeding_migration,3/8/2022,5/31/2022,0.0354,5.00E-04,0.5798,9.00E-04,56
Ruby-throated Hummingbird,Archilochus colubris,2022,state,GTM-1944,PetÃ©n,nonbreeding,12/6/2022,3/1/2022,0.1517,0.0259,0.9976,0.0363,91
Ruby-throated Hummingbird,Archilochus colubris,2022,state,GTM-1944,PetÃ©n,postbreeding_migration,8/2/2022,11/29/2022,0.0032,1.00E-04,0.23,0.0014,49
Ruby-throated Hummingbird,Archilochus colubris,2022,state,GTM-1944,PetÃ©n,prebreeding_migration,3/8/2022,5/31/2022,0.1146,0.0082,1,0.0073,63
Ruby-throated Hummingbird,Archilochus colubris,2022,state,GTM-1945,Quezaltenango,nonbreeding,12/6/2022,3/1/2022,0.3473,0.0031,0.9629,0.0019,91
Ruby-throated Hummingbird,Archilochus colubris,2022,state,GTM-1945,Quezaltenango,postbreeding_migration,8/2/2022,11/29/2022,0.1458,2.00E-04,0.7789,3.00E-04,70
Ruby-throated Hummingbird,Archilochus colubris,2022,state,GTM-1945,Quezaltenango,prebreeding_migration,3/8/2022,5/31/2022,0.039,1.00E-04,0.5078,2.00E-04,56
Ruby-throated Hummingbird,Archilochus colubris,2022,state,GTM-1946,Retalhuleu,nonbreeding,12/6/2022,3/1/2022,0.1159,0.0012,0.6775,0.0015,91
Ruby-throated Hummingbird,Archilochus colubris,2022,state,GTM-1946,Retalhuleu,postbreeding_migration,8/2/2022,11/29/2022,0.0322,1.00E-04,0.4853,2.00E-04,70
Ruby-throated Hummingbird,Archilochus colubris,2022,state,GTM-1946,Retalhuleu,prebreeding_migration,3/8/2022,5/31/2022,0.0472,2.00E-04,0.8328,4.00E-04,49
Ruby-throated Hummingbird,Archilochus colubris,2022,state,GTM-1947,San Marcos,nonbreeding,12/6/2022,3/1/2022,0.367,0.0064,0.9134,0.0034,91
Ruby-throated Hummingbird,Archilochus colubris,2022,state,GTM-1947,San Marcos,postbreeding_migration,8/2/2022,11/29/2022,0.1591,5.00E-04,0.8379,5.00E-04,77
Ruby-throated Hummingbird,Archilochus colubris,2022,state,GTM-1947,San Marcos,prebreeding_migration,3/8/2022,5/31/2022,0.0378,3.00E-04,0.5036,4.00E-04,56
Ruby-throated Hummingbird,Archilochus colubris,2022,state,GTM-1948,Alta Verapaz,nonbreeding,12/6/2022,3/1/2022,0.2269,0.0107,0.9937,0.0099,91
Ruby-throated Hummingbird,Archilochus colubris,2022,state,GTM-1948,Alta Verapaz,postbreeding_migration,8/2/2022,11/29/2022,0.0763,6.00E-04,0.5779,0.001,70
Ruby-throated Hummingbird,Archilochus colubris,2022,state,GTM-1948,Alta Verapaz,prebreeding_migration,3/8/2022,5/31/2022,0.0623,0.0012,0.9777,0.002,56
Ruby-throated Hummingbird,Archilochus colubris,2022,state,GTM-1949,Chimaltenango,nonbreeding,12/6/2022,3/1/2022,0.4318,0.0035,0.995,0.0017,91
Ruby-throated Hummingbird,Archilochus colubris,2022,state,GTM-1949,Chimaltenango,postbreeding_migration,8/2/2022,11/29/2022,0.2432,3.00E-04,0.9798,3.00E-04,77
Ruby-throated Hummingbird,Archilochus colubris,2022,state,GTM-1949,Chimaltenango,prebreeding_migration,3/8/2022,5/31/2022,0.0377,1.00E-04,0.545,2.00E-04,63
Ruby-throated Hummingbird,Archilochus colubris,2022,state,GTM-1950,Escuintla,nonbreeding,12/6/2022,3/1/2022,0.1408,0.0034,0.6404,0.0033,91
Ruby-throated Hummingbird,Archilochus colubris,2022,state,GTM-1950,Escuintla,postbreeding_migration,8/2/2022,11/29/2022,0.0584,2.00E-04,0.4946,4.00E-04,77
Ruby-throated Hummingbird,Archilochus colubris,2022,state,GTM-1950,Escuintla,prebreeding_migration,3/8/2022,5/31/2022,0.0419,4.00E-04,0.8379,9.00E-04,56
Ruby-throated Hummingbird,Archilochus colubris,2022,state,GTM-1951,Guatemala,nonbreeding,12/6/2022,3/1/2022,0.2938,0.0031,0.9445,0.0021,91
Ruby-throated Hummingbird,Archilochus colubris,2022,state,GTM-1951,Guatemala,postbreeding_migration,8/2/2022,11/29/2022,0.2012,3.00E-04,0.9564,4.00E-04,77
Ruby-throated Hummingbird,Archilochus colubris,2022,state,GTM-1951,Guatemala,prebreeding_migration,3/8/2022,5/31/2022,0.0343,2.00E-04,0.6752,3.00E-04,49
Ruby-throated Hummingbird,Archilochus colubris,2022,state,GTM-1952,SuchitepÃ©quez,nonbreeding,12/6/2022,3/1/2022,0.2801,0.0031,0.9028,0.0021,91
Ruby-throated Hummingbird,Archilochus colubris,2022,state,GTM-1952,SuchitepÃ©quez,postbreeding_migration,8/2/2022,11/29/2022,0.0762,1.00E-04,0.4391,2.00E-04,70
Ruby-throated Hummingbird,Archilochus colubris,2022,state,GTM-1952,SuchitepÃ©quez,prebreeding_migration,3/8/2022,5/31/2022,0.074,3.00E-04,0.9451,5.00E-04,56
Ruby-throated Hummingbird,Archilochus colubris,2022,state,GTM-1953,SacatepÃ©quez,nonbreeding,12/6/2022,3/1/2022,0.4402,0.0014,1,7.00E-04,91
Ruby-throated Hummingbird,Archilochus colubris,2022,state,GTM-1953,SacatepÃ©quez,postbreeding_migration,8/2/2022,11/29/2022,0.2786,1.00E-04,1,1.00E-04,63
Ruby-throated Hummingbird,Archilochus colubris,2022,state,GTM-1953,SacatepÃ©quez,prebreeding_migration,3/8/2022,5/31/2022,0.0358,0,0.5096,1.00E-04,63
Ruby-throated Hummingbird,Archilochus colubris,2022,state,GTM-1954,SololÃ¡,nonbreeding,12/6/2022,3/1/2022,0.491,0.0026,0.9381,0.0011,91
Ruby-throated Hummingbird,Archilochus colubris,2022,state,GTM-1954,SololÃ¡,postbreeding_migration,8/2/2022,11/29/2022,0.2772,2.00E-04,0.9979,2.00E-04,91
Ruby-throated Hummingbird,Archilochus colubris,2022,state,GTM-1954,SololÃ¡,prebreeding_migration,3/8/2022,5/31/2022,0.0386,1.00E-04,0.4855,1.00E-04,63
Ruby-throated Hummingbird,Archilochus colubris,2022,state,GTM-1955,TotonicapÃ¡n,nonbreeding,12/6/2022,3/1/2022,0.2607,0.0016,1,0.0013,91
Ruby-throated Hummingbird,Archilochus colubris,2022,state,GTM-1955,TotonicapÃ¡n,postbreeding_migration,8/2/2022,11/29/2022,0.1504,2.00E-04,0.9908,2.00E-04,70
Ruby-throated Hummingbird,Archilochus colubris,2022,state,GTM-1955,TotonicapÃ¡n,prebreeding_migration,3/8/2022,5/31/2022,0.005,0,0.1916,1.00E-04,35
Ruby-throated Hummingbird,Archilochus colubris,2022,state,GTM-1956,El Progreso,nonbreeding,12/6/2022,3/1/2022,0.2913,0.0026,1,0.0019,91
Ruby-throated Hummingbird,Archilochus colubris,2022,state,GTM-1956,El Progreso,postbreeding_migration,8/2/2022,11/29/2022,0.1779,3.00E-04,0.9436,3.00E-04,70
Ruby-throated Hummingbird,Archilochus colubris,2022,state,GTM-1956,El Progreso,prebreeding_migration,3/8/2022,5/31/2022,0.0283,1.00E-04,0.7739,3.00E-04,49
Ruby-throated Hummingbird,Archilochus colubris,2022,state,GTM-1957,Santa Rosa,nonbreeding,12/6/2022,3/1/2022,0.3633,0.0055,0.7736,0.0025,91
Ruby-throated Hummingbird,Archilochus colubris,2022,state,GTM-1957,Santa Rosa,postbreeding_migration,8/2/2022,11/29/2022,0.1681,4.00E-04,0.7356,4.00E-04,77
Ruby-throated Hummingbird,Archilochus colubris,2022,state,GTM-1957,Santa Rosa,prebreeding_migration,3/8/2022,5/31/2022,0.0628,4.00E-04,0.7821,5.00E-04,56
Ruby-throated Hummingbird,Archilochus colubris,2022,state,GTM-1959,Izabal,nonbreeding,12/6/2022,3/1/2022,0.1279,0.0053,0.777,0.0068,91
Ruby-throated Hummingbird,Archilochus colubris,2022,state,GTM-1959,Izabal,postbreeding_migration,8/2/2022,11/29/2022,0.0271,2.00E-04,0.3052,5.00E-04,63
Ruby-throated Hummingbird,Archilochus colubris,2022,state,GTM-1959,Izabal,prebreeding_migration,3/8/2022,5/31/2022,0.0533,9.00E-04,0.8587,0.0015,49
Ruby-throated Hummingbird,Archilochus colubris,2022,state,GTM-1960,Chiquimula,nonbreeding,12/6/2022,3/1/2022,0.3925,0.0044,1,0.0024,91
Ruby-throated Hummingbird,Archilochus colubris,2022,state,GTM-1960,Chiquimula,postbreeding_migration,8/2/2022,11/29/2022,0.2131,4.00E-04,1,4.00E-04,70
Ruby-throated Hummingbird,Archilochus colubris,2022,state,GTM-1960,Chiquimula,prebreeding_migration,3/8/2022,5/31/2022,0.0501,2.00E-04,0.8995,4.00E-04,49
Ruby-throated Hummingbird,Archilochus colubris,2022,state,GTM-1961,Jalapa,nonbreeding,12/6/2022,3/1/2022,0.3323,0.0031,1,0.002,91
Ruby-throated Hummingbird,Archilochus colubris,2022,state,GTM-1961,Jalapa,postbreeding_migration,8/2/2022,11/29/2022,0.209,3.00E-04,0.9912,3.00E-04,77
Ruby-throated Hummingbird,Archilochus colubris,2022,state,GTM-1961,Jalapa,prebreeding_migration,3/8/2022,5/31/2022,0.0327,1.00E-04,0.7925,3.00E-04,56
Ruby-throated Hummingbird,Archilochus colubris,2022,state,GTM-1962,Jutiapa,nonbreeding,12/6/2022,3/1/2022,0.3571,0.0057,0.9206,0.0031,91
Ruby-throated Hummingbird,Archilochus colubris,2022,state,GTM-1962,Jutiapa,postbreeding_migration,8/2/2022,11/29/2022,0.1726,4.00E-04,0.8942,5.00E-04,84
Ruby-throated Hummingbird,Archilochus colubris,2022,state,GTM-1962,Jutiapa,prebreeding_migration,3/8/2022,5/31/2022,0.0574,4.00E-04,0.907,6.00E-04,49
Ruby-throated Hummingbird,Archilochus colubris,2022,state,GTM-1963,Zacapa,nonbreeding,12/6/2022,3/1/2022,0.3209,0.0039,1,0.0026,91
Ruby-throated Hummingbird,Archilochus colubris,2022,state,GTM-1963,Zacapa,postbreeding_migration,8/2/2022,11/29/2022,0.1625,3.00E-04,0.8729,4.00E-04,70
Ruby-throated Hummingbird,Archilochus colubris,2022,state,GTM-1963,Zacapa,prebreeding_migration,3/8/2022,5/31/2022,0.0361,2.00E-04,0.8176,4.00E-04,49
Ruby-throated Hummingbird,Archilochus colubris,2022,state,GTM-3467,QuichÃ©,nonbreeding,12/6/2022,3/1/2022,0.2946,0.0098,0.9951,0.0071,91
Ruby-throated Hummingbird,Archilochus colubris,2022,state,GTM-3467,QuichÃ©,postbreeding_migration,8/2/2022,11/29/2022,0.1464,8.00E-04,0.8015,0.001,70
Ruby-throated Hummingbird,Archilochus colubris,2022,state,GTM-3467,QuichÃ©,prebreeding_migration,3/8/2022,5/31/2022,0.0435,6.00E-04,0.7507,0.0011,56
Ruby-throated Hummingbird,Archilochus colubris,2022,state,HND-637,AtlÃ¡ntida,nonbreeding,12/6/2022,3/1/2022,0.0723,0.0017,0.7515,0.0038,91
Ruby-throated Hummingbird,Archilochus colubris,2022,state,HND-637,AtlÃ¡ntida,postbreeding_migration,8/2/2022,11/29/2022,0.0086,0,0.2762,2.00E-04,63
Ruby-throated Hummingbird,Archilochus colubris,2022,state,HND-637,AtlÃ¡ntida,prebreeding_migration,3/8/2022,5/31/2022,0.0311,3.00E-04,0.6903,7.00E-04,49
Ruby-throated Hummingbird,Archilochus colubris,2022,state,HND-638,ColÃ³n,nonbreeding,12/6/2022,3/1/2022,0.0346,0.0015,0.7976,0.0071,56
Ruby-throated Hummingbird,Archilochus colubris,2022,state,HND-638,ColÃ³n,postbreeding_migration,8/2/2022,11/29/2022,0.0039,0,0.1626,2.00E-04,63
Ruby-throated Hummingbird,Archilochus colubris,2022,state,HND-638,ColÃ³n,prebreeding_migration,3/8/2022,5/31/2022,0.0226,4.00E-04,0.7146,0.0013,42
Ruby-throated Hummingbird,Archilochus colubris,2022,state,HND-639,Francisco MorazÃ¡n,nonbreeding,12/6/2022,3/1/2022,0.4433,0.018,1,0.0087,91
Ruby-throated Hummingbird,Archilochus colubris,2022,state,HND-639,Francisco MorazÃ¡n,postbreeding_migration,8/2/2022,11/29/2022,0.2777,0.0018,1,0.0015,91
Ruby-throated Hummingbird,Archilochus colubris,2022,state,HND-639,Francisco MorazÃ¡n,prebreeding_migration,3/8/2022,5/31/2022,0.0683,0.0012,0.9656,0.0017,49
Ruby-throated Hummingbird,Archilochus colubris,2022,state,HND-640,Gracias a Dios,nonbreeding,12/6/2022,3/1/2022,0.0053,4.00E-04,0.2739,0.0048,28
Ruby-throated Hummingbird,Archilochus colubris,2022,state,HND-640,Gracias a Dios,postbreeding_migration,8/2/2022,11/29/2022,0,0,1.00E-04,0,0
Ruby-throated Hummingbird,Archilochus colubris,2022,state,HND-640,Gracias a Dios,prebreeding_migration,3/8/2022,5/31/2022,0.0036,1.00E-04,0.1701,6.00E-04,35
Ruby-throated Hummingbird,Archilochus colubris,2022,state,HND-641,Islas de la BahÃ­a,nonbreeding,12/6/2022,3/1/2022,4.00E-04,0,0.0087,0,35
Ruby-throated Hummingbird,Archilochus colubris,2022,state,HND-641,Islas de la BahÃ­a,prebreeding_migration,3/8/2022,5/31/2022,0.0137,0,0.4957,1.00E-04,42
Ruby-throated Hummingbird,Archilochus colubris,2022,state,HND-642,Olancho,nonbreeding,12/6/2022,3/1/2022,0.1791,0.0203,0.9954,0.024,91
Ruby-throated Hummingbird,Archilochus colubris,2022,state,HND-642,Olancho,postbreeding_migration,8/2/2022,11/29/2022,0.0896,0.0017,0.8455,0.0035,70
Ruby-throated Hummingbird,Archilochus colubris,2022,state,HND-642,Olancho,prebreeding_migration,3/8/2022,5/31/2022,0.044,0.0021,0.9223,0.0045,49
Ruby-throated Hummingbird,Archilochus colubris,2022,state,HND-643,Yoro,nonbreeding,12/6/2022,3/1/2022,0.2423,0.0089,0.9857,0.0077,91
Ruby-throated Hummingbird,Archilochus colubris,2022,state,HND-643,Yoro,postbreeding_migration,8/2/2022,11/29/2022,0.1071,6.00E-04,0.9035,0.0012,70
Ruby-throated Hummingbird,Archilochus colubris,2022,state,HND-643,Yoro,prebreeding_migration,3/8/2022,5/31/2022,0.04,6.00E-04,0.8418,0.0013,49
Ruby-throated Hummingbird,Archilochus colubris,2022,state,HND-645,Valle,nonbreeding,12/6/2022,3/1/2022,0.3233,0.0029,0.6738,0.0013,91
Ruby-throated Hummingbird,Archilochus colubris,2022,state,HND-645,Valle,postbreeding_migration,8/2/2022,11/29/2022,0.1074,2.00E-04,0.6738,2.00E-04,63
Ruby-throated Hummingbird,Archilochus colubris,2022,state,HND-645,Valle,prebreeding_migration,3/8/2022,5/31/2022,0.0628,2.00E-04,0.6682,3.00E-04,49
Ruby-throated Hummingbird,Archilochus colubris,2022,state,HND-646,Comayagua,nonbreeding,12/6/2022,3/1/2022,0.4229,0.0102,0.9904,0.0051,91
Ruby-throated Hummingbird,Archilochus colubris,2022,state,HND-646,Comayagua,postbreeding_migration,8/2/2022,11/29/2022,0.2069,8.00E-04,0.9721,8.00E-04,84
Ruby-throated Hummingbird,Archilochus colubris,2022,state,HND-646,Comayagua,prebreeding_migration,3/8/2022,5/31/2022,0.0637,6.00E-04,0.9504,0.001,49
Ruby-throated Hummingbird,Archilochus colubris,2022,state,HND-647,CortÃ©s,nonbreeding,12/6/2022,3/1/2022,0.1515,0.003,0.8212,0.0035,91
Ruby-throated Hummingbird,Archilochus colubris,2022,state,HND-647,CortÃ©s,postbreeding_migration,8/2/2022,11/29/2022,0.0375,1.00E-04,0.5598,4.00E-04,63
Ruby-throated Hummingbird,Archilochus colubris,2022,state,HND-647,CortÃ©s,prebreeding_migration,3/8/2022,5/31/2022,0.0548,5.00E-04,0.8862,8.00E-04,49
Ruby-throated Hummingbird,Archilochus colubris,2022,state,HND-648,IntibucÃ¡,nonbreeding,12/6/2022,3/1/2022,0.532,0.0079,1,0.0032,91
Ruby-throated Hummingbird,Archilochus colubris,2022,state,HND-648,IntibucÃ¡,postbreeding_migration,8/2/2022,11/29/2022,0.2334,6.00E-04,1,5.00E-04,91
Ruby-throated Hummingbird,Archilochus colubris,2022,state,HND-648,IntibucÃ¡,prebreeding_migration,3/8/2022,5/31/2022,0.0659,4.00E-04,0.9421,6.00E-04,49
Ruby-throated Hummingbird,Archilochus colubris,2022,state,HND-649,La Paz,nonbreeding,12/6/2022,3/1/2022,0.564,0.007,1,0.0026,91
Ruby-throated Hummingbird,Archilochus colubris,2022,state,HND-649,La Paz,postbreeding_migration,8/2/2022,11/29/2022,0.2606,5.00E-04,1,4.00E-04,84
Ruby-throated Hummingbird,Archilochus colubris,2022,state,HND-649,La Paz,prebreeding_migration,3/8/2022,5/31/2022,0.0787,4.00E-04,0.9798,5.00E-04,49
Ruby-throated Hummingbird,Archilochus colubris,2022,state,HND-650,Santa BÃ¡rbara,nonbreeding,12/6/2022,3/1/2022,0.3288,0.0079,0.9935,0.0051,91
Ruby-throated Hummingbird,Archilochus colubris,2022,state,HND-650,Santa BÃ¡rbara,postbreeding_migration,8/2/2022,11/29/2022,0.1287,5.00E-04,0.9603,8.00E-04,70
Ruby-throated Hummingbird,Archilochus colubris,2022,state,HND-650,Santa BÃ¡rbara,prebreeding_migration,3/8/2022,5/31/2022,0.0538,5.00E-04,0.9419,0.001,49
Ruby-throated Hummingbird,Archilochus colubris,2022,state,HND-651,CopÃ¡n,nonbreeding,12/6/2022,3/1/2022,0.4083,0.0063,1,0.0033,91
Ruby-throated Hummingbird,Archilochus colubris,2022,state,HND-651,CopÃ¡n,postbreeding_migration,8/2/2022,11/29/2022,0.1944,5.00E-04,1,6.00E-04,84
Ruby-throated Hummingbird,Archilochus colubris,2022,state,HND-651,CopÃ¡n,prebreeding_migration,3/8/2022,5/31/2022,0.068,4.00E-04,0.978,7.00E-04,49
Ruby-throated Hummingbird,Archilochus colubris,2022,state,HND-652,Lempira,nonbreeding,12/6/2022,3/1/2022,0.5245,0.0107,1,0.0043,91
Ruby-throated Hummingbird,Archilochus colubris,2022,state,HND-652,Lempira,postbreeding_migration,8/2/2022,11/29/2022,0.2433,8.00E-04,1,7.00E-04,91
Ruby-throated Hummingbird,Archilochus colubris,2022,state,HND-652,Lempira,prebreeding_migration,3/8/2022,5/31/2022,0.0699,6.00E-04,0.9434,8.00E-04,49
Ruby-throated Hummingbird,Archilochus colubris,2022,state,HND-653,Ocotepeque,nonbreeding,12/6/2022,3/1/2022,0.5059,0.004,1,0.0017,91
Ruby-throated Hummingbird,Archilochus colubris,2022,state,HND-653,Ocotepeque,postbreeding_migration,8/2/2022,11/29/2022,0.2526,3.00E-04,1,3.00E-04,84
Ruby-throated Hummingbird,Archilochus colubris,2022,state,HND-653,Ocotepeque,prebreeding_migration,3/8/2022,5/31/2022,0.0705,2.00E-04,0.9407,3.00E-04,49
Ruby-throated Hummingbird,Archilochus colubris,2022,state,HND-661,Choluteca,nonbreeding,12/6/2022,3/1/2022,0.3838,0.0086,0.8327,0.004,91
Ruby-throated Hummingbird,Archilochus colubris,2022,state,HND-661,Choluteca,postbreeding_migration,8/2/2022,11/29/2022,0.1603,6.00E-04,0.8383,7.00E-04,77
Ruby-throated Hummingbird,Archilochus colubris,2022,state,HND-661,Choluteca,prebreeding_migration,3/8/2022,5/31/2022,0.0659,6.00E-04,0.8178,8.00E-04,49
Ruby-throated Hummingbird,Archilochus colubris,2022,state,HND-662,El ParaÃ­so,nonbreeding,12/6/2022,3/1/2022,0.3991,0.0144,1,0.0077,91
Ruby-throated Hummingbird,Archilochus colubris,2022,state,HND-662,El ParaÃ­so,postbreeding_migration,8/2/2022,11/29/2022,0.1941,0.0011,1,0.0013,91
Ruby-throated Hummingbird,Archilochus colubris,2022,state,HND-662,El ParaÃ­so,prebreeding_migration,3/8/2022,5/31/2022,0.0562,9.00E-04,0.9947,0.0015,49
Ruby-throated Hummingbird,Archilochus colubris,2022,state,MEX-AG,Aguascalientes,postbreeding_migration,8/2/2022,11/29/2022,0.0601,3.00E-04,0.9021,9.00E-04,84
Ruby-throated Hummingbird,Archilochus colubris,2022,state,MEX-CH,Chihuahua,postbreeding_migration,8/2/2022,11/29/2022,2.00E-04,0,0.0104,4.00E-04,21
Ruby-throated Hummingbird,Archilochus colubris,2022,state,MEX-CL,Colima,nonbreeding,12/6/2022,3/1/2022,0.1281,0.0036,0.9199,0.0055,91
Ruby-throated Hummingbird,Archilochus colubris,2022,state,MEX-CL,Colima,postbreeding_migration,8/2/2022,11/29/2022,0.1055,5.00E-04,0.9014,9.00E-04,70
Ruby-throated Hummingbird,Archilochus colubris,2022,state,MEX-CL,Colima,prebreeding_migration,3/8/2022,5/31/2022,0.0381,5.00E-04,0.827,0.001,49
Ruby-throated Hummingbird,Archilochus colubris,2022,state,MEX-CM,Campeche,nonbreeding,12/6/2022,3/1/2022,0.132,0.0368,0.9557,0.0568,91
Ruby-throated Hummingbird,Archilochus colubris,2022,state,MEX-CM,Campeche,postbreeding_migration,8/2/2022,11/29/2022,0.0159,7.00E-04,0.6879,0.0069,63
Ruby-throated Hummingbird,Archilochus colubris,2022,state,MEX-CM,Campeche,prebreeding_migration,3/8/2022,5/31/2022,0.1292,0.0151,0.9933,0.0119,63
Ruby-throated Hummingbird,Archilochus colubris,2022,state,MEX-CO,Coahuila,postbreeding_migration,8/2/2022,11/29/2022,0.0106,0.0012,0.2178,0.0056,63
Ruby-throated Hummingbird,Archilochus colubris,2022,state,MEX-CO,Coahuila,prebreeding_migration,3/8/2022,5/31/2022,0,0,3.00E-04,0,0
Ruby-throated Hummingbird,Archilochus colubris,2022,state,MEX-CS,Chiapas,nonbreeding,12/6/2022,3/1/2022,0.2739,0.0962,0.944,0.0706,91
Ruby-throated Hummingbird,Archilochus colubris,2022,state,MEX-CS,Chiapas,postbreeding_migration,8/2/2022,11/29/2022,0.1188,0.0068,0.7362,0.0093,91
Ruby-throated Hummingbird,Archilochus colubris,2022,state,MEX-CS,Chiapas,prebreeding_migration,3/8/2022,5/31/2022,0.0899,0.0133,0.9391,0.0142,63
Ruby-throated Hummingbird,Archilochus colubris,2022,state,MEX-DF,Distrito Federal,nonbreeding,12/6/2022,3/1/2022,7.00E-04,0,0.0591,1.00E-04,49
Ruby-throated Hummingbird,Archilochus colubris,2022,state,MEX-DF,Distrito Federal,postbreeding_migration,8/2/2022,11/29/2022,0.0588,1.00E-04,0.5606,1.00E-04,98
Ruby-throated Hummingbird,Archilochus colubris,2022,state,MEX-DF,Distrito Federal,prebreeding_migration,3/8/2022,5/31/2022,0.0025,0,0.0693,0,35
Ruby-throated Hummingbird,Archilochus colubris,2022,state,MEX-DG,Durango,nonbreeding,12/6/2022,3/1/2022,0,0,4.00E-04,0,0
Ruby-throated Hummingbird,Archilochus colubris,2022,state,MEX-DG,Durango,postbreeding_migration,8/2/2022,11/29/2022,0.0162,0.0015,0.3983,0.0082,91
Ruby-throated Hummingbird,Archilochus colubris,2022,state,MEX-DG,Durango,prebreeding_migration,3/8/2022,5/31/2022,0,0,0.0029,1.00E-04,21
Ruby-throated Hummingbird,Archilochus colubris,2022,state,MEX-GJ,Guanajuato,nonbreeding,12/6/2022,3/1/2022,0.0013,2.00E-04,0.0714,0.0022,70
Ruby-throated Hummingbird,Archilochus colubris,2022,state,MEX-GJ,Guanajuato,postbreeding_migration,8/2/2022,11/29/2022,0.1268,0.003,0.9881,0.0051,105
Ruby-throated Hummingbird,Archilochus colubris,2022,state,MEX-GJ,Guanajuato,prebreeding_migration,3/8/2022,5/31/2022,2.00E-04,0,0.0197,1.00E-04,28
Ruby-throated Hummingbird,Archilochus colubris,2022,state,MEX-GR,Guerrero,nonbreeding,12/6/2022,3/1/2022,0.1699,0.053,0.9447,0.0628,91
Ruby-throated Hummingbird,Archilochus colubris,2022,state,MEX-GR,Guerrero,postbreeding_migration,8/2/2022,11/29/2022,0.3023,0.0154,0.9731,0.011,98
Ruby-throated Hummingbird,Archilochus colubris,2022,state,MEX-GR,Guerrero,prebreeding_migration,3/8/2022,5/31/2022,0.0449,0.0059,0.8271,0.0111,49
Ruby-throated Hummingbird,Archilochus colubris,2022,state,MEX-HG,Hidalgo,nonbreeding,12/6/2022,3/1/2022,0.0111,0.0011,0.3805,0.0082,91
Ruby-throated Hummingbird,Archilochus colubris,2022,state,MEX-HG,Hidalgo,postbreeding_migration,8/2/2022,11/29/2022,0.1637,0.0027,0.9933,0.0036,105
Ruby-throated Hummingbird,Archilochus colubris,2022,state,MEX-HG,Hidalgo,prebreeding_migration,3/8/2022,5/31/2022,0.0148,6.00E-04,0.2664,0.0012,63
Ruby-throated Hummingbird,Archilochus colubris,2022,state,MEX-JA,Jalisco,nonbreeding,12/6/2022,3/1/2022,0.0406,0.0154,0.5167,0.0417,91
Ruby-throated Hummingbird,Archilochus colubris,2022,state,MEX-JA,Jalisco,postbreeding_migration,8/2/2022,11/29/2022,0.0968,0.006,0.9352,0.0128,98
Ruby-throated Hummingbird,Archilochus colubris,2022,state,MEX-JA,Jalisco,prebreeding_migration,3/8/2022,5/31/2022,0.011,0.0018,0.3085,0.005,49
Ruby-throated Hummingbird,Archilochus colubris,2022,state,MEX-MI,MichoacÃ¡n,nonbreeding,12/6/2022,3/1/2022,0.0749,0.021,0.7672,0.0459,91
Ruby-throated Hummingbird,Archilochus colubris,2022,state,MEX-MI,MichoacÃ¡n,postbreeding_migration,8/2/2022,11/29/2022,0.1885,0.0086,0.9818,0.01,105
Ruby-throated Hummingbird,Archilochus colubris,2022,state,MEX-MI,MichoacÃ¡n,prebreeding_migration,3/8/2022,5/31/2022,0.019,0.0022,0.5226,0.0063,49
Ruby-throated Hummingbird,Archilochus colubris,2022,state,MEX-MO,Morelos,nonbreeding,12/6/2022,3/1/2022,0.1542,0.0037,0.9163,0.0047,91
Ruby-throated Hummingbird,Archilochus colubris,2022,state,MEX-MO,Morelos,postbreeding_migration,8/2/2022,11/29/2022,0.317,0.0012,0.977,8.00E-04,105
Ruby-throated Hummingbird,Archilochus colubris,2022,state,MEX-MO,Morelos,prebreeding_migration,3/8/2022,5/31/2022,0.0329,3.00E-04,0.7222,7.00E-04,42
Ruby-throated Hummingbird,Archilochus colubris,2022,state,MEX-MX,MÃ©xico,nonbreeding,12/6/2022,3/1/2022,0.0357,0.0037,0.3726,0.0082,91
Ruby-throated Hummingbird,Archilochus colubris,2022,state,MEX-MX,MÃ©xico,postbreeding_migration,8/2/2022,11/29/2022,0.1707,0.0029,0.9077,0.0034,112
Ruby-throated Hummingbird,Archilochus colubris,2022,state,MEX-MX,MÃ©xico,prebreeding_migration,3/8/2022,5/31/2022,0.0065,3.00E-04,0.1581,7.00E-04,35
Ruby-throated Hummingbird,Archilochus colubris,2022,state,MEX-NA,Nayarit,nonbreeding,12/6/2022,3/1/2022,0.0327,0.0044,0.401,0.0115,91
Ruby-throated Hummingbird,Archilochus colubris,2022,state,MEX-NA,Nayarit,postbreeding_migration,8/2/2022,11/29/2022,0.0477,0.0011,0.7077,0.0034,84
Ruby-throated Hummingbird,Archilochus colubris,2022,state,MEX-NA,Nayarit,prebreeding_migration,3/8/2022,5/31/2022,0.0102,6.00E-04,0.4288,0.0025,49
Ruby-throated Hummingbird,Archilochus colubris,2022,state,MEX-NL,Nuevo LeÃ³n,nonbreeding,12/6/2022,3/1/2022,0,0,7.00E-04,0,0
Ruby-throated Hummingbird,Archilochus colubris,2022,state,MEX-NL,Nuevo LeÃ³n,postbreeding_migration,8/2/2022,11/29/2022,0.0624,0.0031,0.6214,0.0069,91
Ruby-throated Hummingbird,Archilochus colubris,2022,state,MEX-NL,Nuevo LeÃ³n,prebreeding_migration,3/8/2022,5/31/2022,2.00E-04,0,0.0249,3.00E-04,21
Ruby-throated Hummingbird,Archilochus colubris,2022,state,MEX-OA,Oaxaca,nonbreeding,12/6/2022,3/1/2022,0.257,0.1148,0.9337,0.0888,91
Ruby-throated Hummingbird,Archilochus colubris,2022,state,MEX-OA,Oaxaca,postbreeding_migration,8/2/2022,11/29/2022,0.2693,0.0196,0.9286,0.015,98
Ruby-throated Hummingbird,Archilochus colubris,2022,state,MEX-OA,Oaxaca,prebreeding_migration,3/8/2022,5/31/2022,0.0612,0.0115,0.6928,0.0133,63
Ruby-throated Hummingbird,Archilochus colubris,2022,state,MEX-PU,Puebla,nonbreeding,12/6/2022,3/1/2022,0.0866,0.0142,0.6155,0.0215,91
Ruby-throated Hummingbird,Archilochus colubris,2022,state,MEX-PU,Puebla,postbreeding_migration,8/2/2022,11/29/2022,0.2568,0.0069,0.9724,0.0057,105
Ruby-throated Hummingbird,Archilochus colubris,2022,state,MEX-PU,Puebla,prebreeding_migration,3/8/2022,5/31/2022,0.0289,0.002,0.4483,0.0032,63
Ruby-throated Hummingbird,Archilochus colubris,2022,state,MEX-QR,Quintana Roo,nonbreeding,12/6/2022,3/1/2022,0.1303,0.0293,0.8515,0.0408,91
Ruby-throated Hummingbird,Archilochus colubris,2022,state,MEX-QR,Quintana Roo,postbreeding_migration,8/2/2022,11/29/2022,0.022,8.00E-04,0.7432,0.006,70
Ruby-throated Hummingbird,Archilochus colubris,2022,state,MEX-QR,Quintana Roo,prebreeding_migration,3/8/2022,5/31/2022,0.0972,0.0092,0.8638,0.0083,63
Ruby-throated Hummingbird,Archilochus colubris,2022,state,MEX-QT,QuerÃ©taro,nonbreeding,12/6/2022,3/1/2022,0.0048,3.00E-04,0.244,0.0029,91
Ruby-throated Hummingbird,Archilochus colubris,2022,state,MEX-QT,QuerÃ©taro,postbreeding_migration,8/2/2022,11/29/2022,0.1648,0.0015,0.9933,0.002,105
Ruby-throated Hummingbird,Archilochus colubris,2022,state,MEX-QT,QuerÃ©taro,prebreeding_migration,3/8/2022,5/31/2022,0.0024,1.00E-04,0.1612,4.00E-04,49
Ruby-throated Hummingbird,Archilochus colubris,2022,state,MEX-SI,Sinaloa,postbreeding_migration,8/2/2022,11/29/2022,3.00E-04,0,0.0105,1.00E-04,35
Ruby-throated Hummingbird,Archilochus colubris,2022,state,MEX-SL,San Luis PotosÃ­,nonbreeding,12/6/2022,3/1/2022,0.0037,0.0011,0.2067,0.0134,70
Ruby-throated Hummingbird,Archilochus colubris,2022,state,MEX-SL,San Luis PotosÃ­,postbreeding_migration,8/2/2022,11/29/2022,0.0932,0.0046,0.9115,0.01,105
Ruby-throated Hummingbird,Archilochus colubris,2022,state,MEX-SL,San Luis PotosÃ­,prebreeding_migration,3/8/2022,5/31/2022,0.0079,0.001,0.2883,0.0038,63
Ruby-throated Hummingbird,Archilochus colubris,2022,state,MEX-TB,Tabasco,nonbreeding,12/6/2022,3/1/2022,0.0595,0.007,0.7892,0.0196,91
Ruby-throated Hummingbird,Archilochus colubris,2022,state,MEX-TB,Tabasco,postbreeding_migration,8/2/2022,11/29/2022,0.0109,2.00E-04,0.3393,0.0014,84
Ruby-throated Hummingbird,Archilochus colubris,2022,state,MEX-TB,Tabasco,prebreeding_migration,3/8/2022,5/31/2022,0.115,0.0056,0.9919,0.005,70
Ruby-throated Hummingbird,Archilochus colubris,2022,state,MEX-TL,Tlaxcala,nonbreeding,12/6/2022,3/1/2022,8.00E-04,0,0.0397,2.00E-04,42
Ruby-throated Hummingbird,Archilochus colubris,2022,state,MEX-TL,Tlaxcala,postbreeding_migration,8/2/2022,11/29/2022,0.1398,4.00E-04,0.9261,6.00E-04,98
Ruby-throated Hummingbird,Archilochus colubris,2022,state,MEX-TL,Tlaxcala,prebreeding_migration,3/8/2022,5/31/2022,2.00E-04,0,0.0074,0,21
Ruby-throated Hummingbird,Archilochus colubris,2022,state,MEX-TM,Tamaulipas,nonbreeding,12/6/2022,3/1/2022,2.00E-04,1.00E-04,0.0472,0.0038,84
Ruby-throated Hummingbird,Archilochus colubris,2022,state,MEX-TM,Tamaulipas,postbreeding_migration,8/2/2022,11/29/2022,0.1159,0.0072,0.7563,0.0104,112
Ruby-throated Hummingbird,Archilochus colubris,2022,state,MEX-TM,Tamaulipas,prebreeding_migration,3/8/2022,5/31/2022,0.0102,0.0016,0.2774,0.0045,77
Ruby-throated Hummingbird,Archilochus colubris,2022,state,MEX-VE,Veracruz,nonbreeding,12/6/2022,3/1/2022,0.0889,0.0307,0.7811,0.0575,91
Ruby-throated Hummingbird,Archilochus colubris,2022,state,MEX-VE,Veracruz,postbreeding_migration,8/2/2022,11/29/2022,0.1247,0.007,0.8406,0.0105,98
Ruby-throated Hummingbird,Archilochus colubris,2022,state,MEX-VE,Veracruz,prebreeding_migration,3/8/2022,5/31/2022,0.0975,0.0141,0.911,0.0135,70
Ruby-throated Hummingbird,Archilochus colubris,2022,state,MEX-YU,YucatÃ¡n,nonbreeding,12/6/2022,3/1/2022,0.2232,0.0415,0.9834,0.0389,91
Ruby-throated Hummingbird,Archilochus colubris,2022,state,MEX-YU,YucatÃ¡n,postbreeding_migration,8/2/2022,11/29/2022,0.0677,0.0021,0.9763,0.0066,84
Ruby-throated Hummingbird,Archilochus colubris,2022,state,MEX-YU,YucatÃ¡n,prebreeding_migration,3/8/2022,5/31/2022,0.173,0.0135,0.9737,0.0078,77
Ruby-throated Hummingbird,Archilochus colubris,2022,state,MEX-ZA,Zacatecas,nonbreeding,12/6/2022,3/1/2022,8.00E-04,3.00E-04,0.023,0.0017,56
Ruby-throated Hummingbird,Archilochus colubris,2022,state,MEX-ZA,Zacatecas,postbreeding_migration,8/2/2022,11/29/2022,0.0566,0.0033,0.8336,0.0106,112
Ruby-throated Hummingbird,Archilochus colubris,2022,state,MEX-ZA,Zacatecas,prebreeding_migration,3/8/2022,5/31/2022,0,0,0.0068,1.00E-04,7
Ruby-throated Hummingbird,Archilochus colubris,2022,state,NIC-24,Rivas,nonbreeding,12/6/2022,3/1/2022,0.3729,0.0055,0.8789,0.0028,91
Ruby-throated Hummingbird,Archilochus colubris,2022,state,NIC-24,Rivas,postbreeding_migration,8/2/2022,11/29/2022,0.0781,2.00E-04,0.9112,5.00E-04,49
Ruby-throated Hummingbird,Archilochus colubris,2022,state,NIC-24,Rivas,prebreeding_migration,3/8/2022,5/31/2022,0.0663,4.00E-04,0.9495,6.00E-04,49
Ruby-throated Hummingbird,Archilochus colubris,2022,state,NIC-4800,Rio San Juan,nonbreeding,12/6/2022,3/1/2022,0.2914,0.0107,0.9009,0.007,91
Ruby-throated Hummingbird,Archilochus colubris,2022,state,NIC-4800,Rio San Juan,postbreeding_migration,8/2/2022,11/29/2022,0.0569,3.00E-04,0.7184,0.001,42
Ruby-throated Hummingbird,Archilochus colubris,2022,state,NIC-4800,Rio San Juan,prebreeding_migration,3/8/2022,5/31/2022,0.0404,6.00E-04,0.7963,0.0013,35
Ruby-throated Hummingbird,Archilochus colubris,2022,state,NIC-644,AtlÃ¡ntico Sur,nonbreeding,12/6/2022,3/1/2022,0.1855,0.0239,0.8051,0.0221,91
Ruby-throated Hummingbird,Archilochus colubris,2022,state,NIC-644,AtlÃ¡ntico Sur,postbreeding_migration,8/2/2022,11/29/2022,0.0439,9.00E-04,0.6238,0.0029,42
Ruby-throated Hummingbird,Archilochus colubris,2022,state,NIC-644,AtlÃ¡ntico Sur,prebreeding_migration,3/8/2022,5/31/2022,0.0407,0.0022,0.7753,0.0043,35
Ruby-throated Hummingbird,Archilochus colubris,2022,state,NIC-654,Carazo,nonbreeding,12/6/2022,3/1/2022,0.5377,0.0034,0.9282,0.0013,91
Ruby-throated Hummingbird,Archilochus colubris,2022,state,NIC-654,Carazo,postbreeding_migration,8/2/2022,11/29/2022,0.1045,1.00E-04,0.9282,2.00E-04,49
Ruby-throated Hummingbird,Archilochus colubris,2022,state,NIC-654,Carazo,prebreeding_migration,3/8/2022,5/31/2022,0.1071,3.00E-04,0.9282,3.00E-04,49
Ruby-throated Hummingbird,Archilochus colubris,2022,state,NIC-655,Granada,nonbreeding,12/6/2022,3/1/2022,0.3476,0.0022,0.8126,0.0011,91
Ruby-throated Hummingbird,Archilochus colubris,2022,state,NIC-655,Granada,postbreeding_migration,8/2/2022,11/29/2022,0.0829,1.00E-04,0.8826,2.00E-04,49
Ruby-throated Hummingbird,Archilochus colubris,2022,state,NIC-655,Granada,prebreeding_migration,3/8/2022,5/31/2022,0.0815,2.00E-04,0.9721,3.00E-04,49
Ruby-throated Hummingbird,Archilochus colubris,2022,state,NIC-656,Jinotega,nonbreeding,12/6/2022,3/1/2022,0.2471,0.0111,0.9961,0.0095,91
Ruby-throated Hummingbird,Archilochus colubris,2022,state,NIC-656,Jinotega,postbreeding_migration,8/2/2022,11/29/2022,0.0725,5.00E-04,0.8932,0.0014,84
Ruby-throated Hummingbird,Archilochus colubris,2022,state,NIC-656,Jinotega,prebreeding_migration,3/8/2022,5/31/2022,0.0458,9.00E-04,0.982,0.0019,49
Ruby-throated Hummingbird,Archilochus colubris,2022,state,NIC-657,AtlÃ¡ntico Norte,nonbreeding,12/6/2022,3/1/2022,0.0492,0.0078,0.4571,0.0154,91
Ruby-throated Hummingbird,Archilochus colubris,2022,state,NIC-657,AtlÃ¡ntico Norte,postbreeding_migration,8/2/2022,11/29/2022,0.0063,2.00E-04,0.1909,0.0011,42
Ruby-throated Hummingbird,Archilochus colubris,2022,state,NIC-657,AtlÃ¡ntico Norte,prebreeding_migration,3/8/2022,5/31/2022,0.0152,0.001,0.4354,0.003,49
Ruby-throated Hummingbird,Archilochus colubris,2022,state,NIC-658,LeÃ³n,nonbreeding,12/6/2022,3/1/2022,0.4404,0.0115,0.9252,0.0051,91
Ruby-throated Hummingbird,Archilochus colubris,2022,state,NIC-658,LeÃ³n,postbreeding_migration,8/2/2022,11/29/2022,0.1284,5.00E-04,0.9384,9.00E-04,70
Ruby-throated Hummingbird,Archilochus colubris,2022,state,NIC-658,LeÃ³n,prebreeding_migration,3/8/2022,5/31/2022,0.0836,9.00E-04,0.9416,0.0011,49
Ruby-throated Hummingbird,Archilochus colubris,2022,state,NIC-659,Managua,nonbreeding,12/6/2022,3/1/2022,0.4244,0.0077,0.9294,0.0036,91
Ruby-throated Hummingbird,Archilochus colubris,2022,state,NIC-659,Managua,postbreeding_migration,8/2/2022,11/29/2022,0.1119,3.00E-04,0.9582,6.00E-04,56
Ruby-throated Hummingbird,Archilochus colubris,2022,state,NIC-659,Managua,prebreeding_migration,3/8/2022,5/31/2022,0.0831,6.00E-04,0.9877,8.00E-04,56
Ruby-throated Hummingbird,Archilochus colubris,2022,state,NIC-660,Masaya,nonbreeding,12/6/2022,3/1/2022,0.4219,0.0011,0.9878,6.00E-04,91
Ruby-throated Hummingbird,Archilochus colubris,2022,state,NIC-660,Masaya,postbreeding_migration,8/2/2022,11/29/2022,0.1173,1.00E-04,1,1.00E-04,56
Ruby-throated Hummingbird,Archilochus colubris,2022,state,NIC-660,Masaya,prebreeding_migration,3/8/2022,5/31/2022,0.1102,1.00E-04,0.9878,1.00E-04,49
Ruby-throated Hummingbird,Archilochus colubris,2022,state,NIC-663,Chinandega,nonbreeding,12/6/2022,3/1/2022,0.3492,0.0086,0.7773,0.0041,91
Ruby-throated Hummingbird,Archilochus colubris,2022,state,NIC-663,Chinandega,postbreeding_migration,8/2/2022,11/29/2022,0.0926,4.00E-04,0.7706,7.00E-04,63
Ruby-throated Hummingbird,Archilochus colubris,2022,state,NIC-663,Chinandega,prebreeding_migration,3/8/2022,5/31/2022,0.0712,7.00E-04,0.7624,8.00E-04,49
Ruby-throated Hummingbird,Archilochus colubris,2022,state,NIC-664,EstelÃ­,nonbreeding,12/6/2022,3/1/2022,0.4581,0.0051,1,0.0024,91
Ruby-throated Hummingbird,Archilochus colubris,2022,state,NIC-664,EstelÃ­,postbreeding_migration,8/2/2022,11/29/2022,0.2361,4.00E-04,1,4.00E-04,77
Ruby-throated Hummingbird,Archilochus colubris,2022,state,NIC-664,EstelÃ­,prebreeding_migration,3/8/2022,5/31/2022,0.0717,3.00E-04,1,5.00E-04,49
Ruby-throated Hummingbird,Archilochus colubris,2022,state,NIC-665,Madriz,nonbreeding,12/6/2022,3/1/2022,0.4291,0.0033,1,0.0016,91
Ruby-throated Hummingbird,Archilochus colubris,2022,state,NIC-665,Madriz,postbreeding_migration,8/2/2022,11/29/2022,0.2309,3.00E-04,1,3.00E-04,77
Ruby-throated Hummingbird,Archilochus colubris,2022,state,NIC-665,Madriz,prebreeding_migration,3/8/2022,5/31/2022,0.0665,2.00E-04,1,3.00E-04,49
Ruby-throated Hummingbird,Archilochus colubris,2022,state,NIC-666,Matagalpa,nonbreeding,12/6/2022,3/1/2022,0.3591,0.0146,1,0.0087,91
Ruby-throated Hummingbird,Archilochus colubris,2022,state,NIC-666,Matagalpa,postbreeding_migration,8/2/2022,11/29/2022,0.1039,7.00E-04,0.999,0.0015,77
Ruby-throated Hummingbird,Archilochus colubris,2022,state,NIC-666,Matagalpa,prebreeding_migration,3/8/2022,5/31/2022,0.0636,0.0011,0.9997,0.0018,49
Ruby-throated Hummingbird,Archilochus colubris,2022,state,NIC-667,Nueva Segovia,nonbreeding,12/6/2022,3/1/2022,0.3997,0.0063,1,0.0033,91
Ruby-throated Hummingbird,Archilochus colubris,2022,state,NIC-667,Nueva Segovia,postbreeding_migration,8/2/2022,11/29/2022,0.1595,4.00E-04,1,6.00E-04,91
Ruby-throated Hummingbird,Archilochus colubris,2022,state,NIC-667,Nueva Segovia,prebreeding_migration,3/8/2022,5/31/2022,0.0643,4.00E-04,0.9961,7.00E-04,49
Ruby-throated Hummingbird,Archilochus colubris,2022,state,NIC-668,Boaco,nonbreeding,12/6/2022,3/1/2022,0.4323,0.0088,0.9945,0.0043,91
Ruby-throated Hummingbird,Archilochus colubris,2022,state,NIC-668,Boaco,postbreeding_migration,8/2/2022,11/29/2022,0.1239,4.00E-04,0.9996,7.00E-04,70
Ruby-throated Hummingbird,Archilochus colubris,2022,state,NIC-668,Boaco,prebreeding_migration,3/8/2022,5/31/2022,0.0764,7.00E-04,1,9.00E-04,49
Ruby-throated Hummingbird,Archilochus colubris,2022,state,NIC-669,Chontales,nonbreeding,12/6/2022,3/1/2022,0.4561,0.014,0.9723,0.0064,91
Ruby-throated Hummingbird,Archilochus colubris,2022,state,NIC-669,Chontales,postbreeding_migration,8/2/2022,11/29/2022,0.1108,6.00E-04,0.981,0.0011,56
Ruby-throated Hummingbird,Archilochus colubris,2022,state,NIC-669,Chontales,prebreeding_migration,3/8/2022,5/31/2022,0.0764,0.001,0.9987,0.0013,49
Ruby-throated Hummingbird,Archilochus colubris,2022,state,PAN-1332,ChiriquÃ­,nonbreeding,12/6/2022,3/1/2022,0.0187,7.00E-04,0.624,0.0048,91
Ruby-throated Hummingbird,Archilochus colubris,2022,state,PAN-1332,ChiriquÃ­,postbreeding_migration,8/2/2022,11/29/2022,0.0032,0,0.5086,7.00E-04,35
Ruby-throated Hummingbird,Archilochus colubris,2022,state,PAN-1332,ChiriquÃ­,prebreeding_migration,3/8/2022,5/31/2022,0.0012,0,0.1992,3.00E-04,21
Ruby-throated Hummingbird,Archilochus colubris,2022,state,PAN-1341,Veraguas,nonbreeding,12/6/2022,3/1/2022,1.00E-04,0,0.0214,3.00E-04,7
Ruby-throated Hummingbird,Archilochus colubris,2022,state,PAN-1341,Veraguas,prebreeding_migration,3/8/2022,5/31/2022,0,0,0.0054,0,7
Ruby-throated Hummingbird,Archilochus colubris,2022,state,PAN-1958,Bocas del Toro,nonbreeding,12/6/2022,3/1/2022,0.0012,0,0.0641,4.00E-04,91
Ruby-throated Hummingbird,Archilochus colubris,2022,state,PAN-1958,Bocas del Toro,postbreeding_migration,8/2/2022,11/29/2022,1.00E-04,0,0.0293,0,28
Ruby-throated Hummingbird,Archilochus colubris,2022,state,PAN-1958,Bocas del Toro,prebreeding_migration,3/8/2022,5/31/2022,2.00E-04,0,0.0141,0,35
Ruby-throated Hummingbird,Archilochus colubris,2022,state,PAN-3454,NgÃ¶be BuglÃ©,nonbreeding,12/6/2022,3/1/2022,0.0013,0,0.1697,0.0012,84
Ruby-throated Hummingbird,Archilochus colubris,2022,state,PAN-3454,NgÃ¶be BuglÃ©,postbreeding_migration,8/2/2022,11/29/2022,3.00E-04,0,0.1055,1.00E-04,28
Ruby-throated Hummingbird,Archilochus colubris,2022,state,PAN-3454,NgÃ¶be BuglÃ©,prebreeding_migration,3/8/2022,5/31/2022,1.00E-04,0,0.0172,0,14
Ruby-throated Hummingbird,Archilochus colubris,2022,state,SLV-1343,AhuachapÃ¡n,nonbreeding,12/6/2022,3/1/2022,0.4509,0.0027,0.8718,0.0011,91
Ruby-throated Hummingbird,Archilochus colubris,2022,state,SLV-1343,AhuachapÃ¡n,postbreeding_migration,8/2/2022,11/29/2022,0.1583,2.00E-04,0.8189,2.00E-04,63
Ruby-throated Hummingbird,Archilochus colubris,2022,state,SLV-1343,AhuachapÃ¡n,prebreeding_migration,3/8/2022,5/31/2022,0.0711,2.00E-04,0.865,2.00E-04,49
Ruby-throated Hummingbird,Archilochus colubris,2022,state,SLV-1344,CabaÃ±as,nonbreeding,12/6/2022,3/1/2022,0.614,0.0031,0.9995,0.0011,91
Ruby-throated Hummingbird,Archilochus colubris,2022,state,SLV-1344,CabaÃ±as,postbreeding_migration,8/2/2022,11/29/2022,0.2097,2.00E-04,0.9946,2.00E-04,63
Ruby-throated Hummingbird,Archilochus colubris,2022,state,SLV-1344,CabaÃ±as,prebreeding_migration,3/8/2022,5/31/2022,0.0977,2.00E-04,0.9992,2.00E-04,49
Ruby-throated Hummingbird,Archilochus colubris,2022,state,SLV-1345,CuscatlÃ¡n,nonbreeding,12/6/2022,3/1/2022,0.5145,0.0018,0.9199,7.00E-04,91
Ruby-throated Hummingbird,Archilochus colubris,2022,state,SLV-1345,CuscatlÃ¡n,postbreeding_migration,8/2/2022,11/29/2022,0.1674,1.00E-04,0.9031,1.00E-04,63
Ruby-throated Hummingbird,Archilochus colubris,2022,state,SLV-1345,CuscatlÃ¡n,prebreeding_migration,3/8/2022,5/31/2022,0.1004,2.00E-04,0.8991,1.00E-04,49
Ruby-throated Hummingbird,Archilochus colubris,2022,state,SLV-1346,La Libertad,nonbreeding,12/6/2022,3/1/2022,0.5342,0.0047,0.9037,0.0017,91
Ruby-throated Hummingbird,Archilochus colubris,2022,state,SLV-1346,La Libertad,postbreeding_migration,8/2/2022,11/29/2022,0.1932,3.00E-04,0.868,3.00E-04,63
Ruby-throated Hummingbird,Archilochus colubris,2022,state,SLV-1346,La Libertad,prebreeding_migration,3/8/2022,5/31/2022,0.0966,4.00E-04,0.8897,3.00E-04,49
Ruby-throated Hummingbird,Archilochus colubris,2022,state,SLV-1347,La Paz,nonbreeding,12/6/2022,3/1/2022,0.321,0.0019,0.7546,0.001,91
Ruby-throated Hummingbird,Archilochus colubris,2022,state,SLV-1347,La Paz,postbreeding_migration,8/2/2022,11/29/2022,0.0974,1.00E-04,0.6595,1.00E-04,63
Ruby-throated Hummingbird,Archilochus colubris,2022,state,SLV-1347,La Paz,prebreeding_migration,3/8/2022,5/31/2022,0.0834,2.00E-04,0.744,2.00E-04,49
Ruby-throated Hummingbird,Archilochus colubris,2022,state,SLV-1348,Sonsonate,nonbreeding,12/6/2022,3/1/2022,0.4317,0.0028,0.8326,0.0012,91
Ruby-throated Hummingbird,Archilochus colubris,2022,state,SLV-1348,Sonsonate,postbreeding_migration,8/2/2022,11/29/2022,0.15,2.00E-04,0.7347,2.00E-04,63
Ruby-throated Hummingbird,Archilochus colubris,2022,state,SLV-1348,Sonsonate,prebreeding_migration,3/8/2022,5/31/2022,0.0825,2.00E-04,0.8423,2.00E-04,49
Ruby-throated Hummingbird,Archilochus colubris,2022,state,SLV-1349,San Salvador,nonbreeding,12/6/2022,3/1/2022,0.5297,0.0022,0.9734,9.00E-04,91
Ruby-throated Hummingbird,Archilochus colubris,2022,state,SLV-1349,San Salvador,postbreeding_migration,8/2/2022,11/29/2022,0.18,1.00E-04,0.965,1.00E-04,63
Ruby-throated Hummingbird,Archilochus colubris,2022,state,SLV-1349,San Salvador,prebreeding_migration,3/8/2022,5/31/2022,0.1197,2.00E-04,0.9801,2.00E-04,49
Ruby-throated Hummingbird,Archilochus colubris,2022,state,SLV-1350,La UniÃ³n,nonbreeding,12/6/2022,3/1/2022,0.4417,0.0047,0.8106,0.0018,91
Ruby-throated Hummingbird,Archilochus colubris,2022,state,SLV-1350,La UniÃ³n,postbreeding_migration,8/2/2022,11/29/2022,0.1473,3.00E-04,0.7873,3.00E-04,70
Ruby-throated Hummingbird,Archilochus colubris,2022,state,SLV-1350,La UniÃ³n,prebreeding_migration,3/8/2022,5/31/2022,0.0855,4.00E-04,0.7921,4.00E-04,49
Ruby-throated Hummingbird,Archilochus colubris,2022,state,SLV-1351,MorazÃ¡n,nonbreeding,12/6/2022,3/1/2022,0.6476,0.004,1,0.0013,91
Ruby-throated Hummingbird,Archilochus colubris,2022,state,SLV-1351,MorazÃ¡n,postbreeding_migration,8/2/2022,11/29/2022,0.2266,2.00E-04,1,2.00E-04,84
Ruby-throated Hummingbird,Archilochus colubris,2022,state,SLV-1351,MorazÃ¡n,prebreeding_migration,3/8/2022,5/31/2022,0.1087,3.00E-04,1,3.00E-04,49
Ruby-throated Hummingbird,Archilochus colubris,2022,state,SLV-1352,San Miguel,nonbreeding,12/6/2022,3/1/2022,0.5658,0.0056,0.9811,0.0021,91
Ruby-throated Hummingbird,Archilochus colubris,2022,state,SLV-1352,San Miguel,postbreeding_migration,8/2/2022,11/29/2022,0.1803,3.00E-04,0.9792,4.00E-04,63
Ruby-throated Hummingbird,Archilochus colubris,2022,state,SLV-1352,San Miguel,prebreeding_migration,3/8/2022,5/31/2022,0.1153,5.00E-04,0.9869,4.00E-04,49
Ruby-throated Hummingbird,Archilochus colubris,2022,state,SLV-1353,San Vicente,nonbreeding,12/6/2022,3/1/2022,0.5075,0.0029,0.9544,0.0011,91
Ruby-throated Hummingbird,Archilochus colubris,2022,state,SLV-1353,San Vicente,postbreeding_migration,8/2/2022,11/29/2022,0.1694,2.00E-04,0.915,2.00E-04,63
Ruby-throated Hummingbird,Archilochus colubris,2022,state,SLV-1353,San Vicente,prebreeding_migration,3/8/2022,5/31/2022,0.1025,2.00E-04,0.9432,2.00E-04,49
Ruby-throated Hummingbird,Archilochus colubris,2022,state,SLV-1354,UsulutÃ¡n,nonbreeding,12/6/2022,3/1/2022,0.3925,0.0045,0.7108,0.0017,91
Ruby-throated Hummingbird,Archilochus colubris,2022,state,SLV-1354,UsulutÃ¡n,postbreeding_migration,8/2/2022,11/29/2022,0.1122,2.00E-04,0.6721,3.00E-04,63
Ruby-throated Hummingbird,Archilochus colubris,2022,state,SLV-1354,UsulutÃ¡n,prebreeding_migration,3/8/2022,5/31/2022,0.0841,4.00E-04,0.6927,3.00E-04,49
Ruby-throated Hummingbird,Archilochus colubris,2022,state,SLV-1357,Chalatenango,nonbreeding,12/6/2022,3/1/2022,0.5515,0.0049,0.9686,0.0018,91
Ruby-throated Hummingbird,Archilochus colubris,2022,state,SLV-1357,Chalatenango,postbreeding_migration,8/2/2022,11/29/2022,0.2272,3.00E-04,0.949,3.00E-04,70
Ruby-throated Hummingbird,Archilochus colubris,2022,state,SLV-1357,Chalatenango,prebreeding_migration,3/8/2022,5/31/2022,0.0748,3.00E-04,0.9683,4.00E-04,49
Ruby-throated Hummingbird,Archilochus colubris,2022,state,SLV-1358,Santa Ana,nonbreeding,12/6/2022,3/1/2022,0.4913,0.0049,0.978,0.0021,91
Ruby-throated Hummingbird,Archilochus colubris,2022,state,SLV-1358,Santa Ana,postbreeding_migration,8/2/2022,11/29/2022,0.2055,3.00E-04,0.9697,3.00E-04,70
Ruby-throated Hummingbird,Archilochus colubris,2022,state,SLV-1358,Santa Ana,prebreeding_migration,3/8/2022,5/31/2022,0.0745,3.00E-04,0.9398,4.00E-04,49
Ruby-throated Hummingbird,Archilochus colubris,2022,state,SPM-4866,Saint-Pierre,breeding,6/7/2022,7/26/2022,0.002,0,0.0769,0,7
Ruby-throated Hummingbird,Archilochus colubris,2022,state,SPM-4866,Saint-Pierre,prebreeding_migration,3/8/2022,5/31/2022,0.0016,0,0.0769,0,7
Ruby-throated Hummingbird,Archilochus colubris,2022,state,USA-AL,Alabama,breeding,6/7/2022,7/26/2022,0.3981,0.0501,0.9427,0.0354,56
Ruby-throated Hummingbird,Archilochus colubris,2022,state,USA-AL,Alabama,postbreeding_migration,8/2/2022,11/29/2022,0.5024,0.0523,0.985,0.0227,77
Ruby-throated Hummingbird,Archilochus colubris,2022,state,USA-AL,Alabama,prebreeding_migration,3/8/2022,5/31/2022,0.1371,0.0366,0.8785,0.024,77
Ruby-throated Hummingbird,Archilochus colubris,2022,state,USA-AR,Arkansas,breeding,6/7/2022,7/26/2022,0.3952,0.0506,0.8837,0.0338,56
Ruby-throated Hummingbird,Archilochus colubris,2022,state,USA-AR,Arkansas,postbreeding_migration,8/2/2022,11/29/2022,0.3868,0.041,0.9994,0.0234,70
Ruby-throated Hummingbird,Archilochus colubris,2022,state,USA-AR,Arkansas,prebreeding_migration,3/8/2022,5/31/2022,0.1949,0.0531,0.9924,0.0277,63
Ruby-throated Hummingbird,Archilochus colubris,2022,state,USA-CT,Connecticut,breeding,6/7/2022,7/26/2022,0.242,0.003,0.8435,0.0031,56
Ruby-throated Hummingbird,Archilochus colubris,2022,state,USA-CT,Connecticut,postbreeding_migration,8/2/2022,11/29/2022,0.2102,0.0022,0.9672,0.0022,70
Ruby-throated Hummingbird,Archilochus colubris,2022,state,USA-CT,Connecticut,prebreeding_migration,3/8/2022,5/31/2022,0.1021,0.0027,0.9666,0.0026,35
Ruby-throated Hummingbird,Archilochus colubris,2022,state,USA-DC,District of Columbia,breeding,6/7/2022,7/26/2022,0.0839,0,0.5671,0,56
Ruby-throated Hummingbird,Archilochus colubris,2022,state,USA-DC,District of Columbia,postbreeding_migration,8/2/2022,11/29/2022,0.1421,0,0.8965,0,70
Ruby-throated Hummingbird,Archilochus colubris,2022,state,USA-DC,District of Columbia,prebreeding_migration,3/8/2022,5/31/2022,0.0791,0,0.8927,0,42
Ruby-throated Hummingbird,Archilochus colubris,2022,state,USA-DE,Delaware,breeding,6/7/2022,7/26/2022,0.2715,0.0014,0.7905,0.0013,56
Ruby-throated Hummingbird,Archilochus colubris,2022,state,USA-DE,Delaware,postbreeding_migration,8/2/2022,11/29/2022,0.2694,0.0012,0.9129,9.00E-04,63
Ruby-throated Hummingbird,Archilochus colubris,2022,state,USA-DE,Delaware,prebreeding_migration,3/8/2022,5/31/2022,0.1105,0.0013,0.8966,0.001,42
Ruby-throated Hummingbird,Archilochus colubris,2022,state,USA-FL,Florida,breeding,6/7/2022,7/26/2022,0.0274,0.0041,0.1882,0.0083,56
Ruby-throated Hummingbird,Archilochus colubris,2022,state,USA-FL,Florida,nonbreeding,12/6/2022,3/1/2022,0.0066,0.0049,0.0308,0.0049,91
Ruby-throated Hummingbird,Archilochus colubris,2022,state,USA-FL,Florida,postbreeding_migration,8/2/2022,11/29/2022,0.0353,0.0043,0.2251,0.0061,126
Ruby-throated Hummingbird,Archilochus colubris,2022,state,USA-FL,Florida,prebreeding_migration,3/8/2022,5/31/2022,0.0141,0.0044,0.1719,0.0055,91
Ruby-throated Hummingbird,Archilochus colubris,2022,state,USA-GA,Georgia,breeding,6/7/2022,7/26/2022,0.328,0.0469,0.8388,0.0358,56
Ruby-throated Hummingbird,Archilochus colubris,2022,state,USA-GA,Georgia,nonbreeding,12/6/2022,3/1/2022,0,0,1.00E-04,0,0
Ruby-throated Hummingbird,Archilochus colubris,2022,state,USA-GA,Georgia,postbreeding_migration,8/2/2022,11/29/2022,0.3113,0.0369,0.9305,0.0244,77
Ruby-throated Hummingbird,Archilochus colubris,2022,state,USA-GA,Georgia,prebreeding_migration,3/8/2022,5/31/2022,0.1408,0.0428,0.8459,0.0263,77
Ruby-throated Hummingbird,Archilochus colubris,2022,state,USA-IA,Iowa,breeding,6/7/2022,7/26/2022,0.0695,0.0094,0.351,0.0142,56
Ruby-throated Hummingbird,Archilochus colubris,2022,state,USA-IA,Iowa,postbreeding_migration,8/2/2022,11/29/2022,0.1475,0.0165,0.9787,0.0242,63
Ruby-throated Hummingbird,Archilochus colubris,2022,state,USA-IA,Iowa,prebreeding_migration,3/8/2022,5/31/2022,0.0443,0.0127,0.7677,0.0226,35
Ruby-throated Hummingbird,Archilochus colubris,2022,state,USA-IL,Illinois,breeding,6/7/2022,7/26/2022,0.2852,0.0388,0.7602,0.0309,56
Ruby-throated Hummingbird,Archilochus colubris,2022,state,USA-IL,Illinois,postbreeding_migration,8/2/2022,11/29/2022,0.3268,0.0368,0.9956,0.0248,70
Ruby-throated Hummingbird,Archilochus colubris,2022,state,USA-IL,Illinois,prebreeding_migration,3/8/2022,5/31/2022,0.0905,0.0262,0.8058,0.0239,49
Ruby-throated Hummingbird,Archilochus colubris,2022,state,USA-IN,Indiana,breeding,6/7/2022,7/26/2022,0.2718,0.0238,0.8918,0.0233,56
Ruby-throated Hummingbird,Archilochus colubris,2022,state,USA-IN,Indiana,postbreeding_migration,8/2/2022,11/29/2022,0.301,0.0218,0.9892,0.0158,70
Ruby-throated Hummingbird,Archilochus colubris,2022,state,USA-IN,Indiana,prebreeding_migration,3/8/2022,5/31/2022,0.0755,0.014,0.8234,0.0157,42
Ruby-throated Hummingbird,Archilochus colubris,2022,state,USA-KS,Kansas,breeding,6/7/2022,7/26/2022,0.0409,0.0081,0.18,0.0106,56
Ruby-throated Hummingbird,Archilochus colubris,2022,state,USA-KS,Kansas,postbreeding_migration,8/2/2022,11/29/2022,0.0524,0.0086,0.299,0.0108,63
Ruby-throated Hummingbird,Archilochus colubris,2022,state,USA-KS,Kansas,prebreeding_migration,3/8/2022,5/31/2022,0.0223,0.0094,0.2161,0.0093,42
Ruby-throated Hummingbird,Archilochus colubris,2022,state,USA-KY,Kentucky,breeding,6/7/2022,7/26/2022,0.3883,0.0378,0.9916,0.0288,56
Ruby-throated Hummingbird,Archilochus colubris,2022,state,USA-KY,Kentucky,postbreeding_migration,8/2/2022,11/29/2022,0.4034,0.0325,1,0.0178,70
Ruby-throated Hummingbird,Archilochus colubris,2022,state,USA-KY,Kentucky,prebreeding_migration,3/8/2022,5/31/2022,0.1217,0.0252,0.9689,0.0205,56
Ruby-throated Hummingbird,Archilochus colubris,2022,state,USA-LA,Louisiana,breeding,6/7/2022,7/26/2022,0.2956,0.0345,0.7057,0.0246,56
Ruby-throated Hummingbird,Archilochus colubris,2022,state,USA-LA,Louisiana,postbreeding_migration,8/2/2022,11/29/2022,0.4097,0.0396,0.8559,0.0183,84
Ruby-throated Hummingbird,Archilochus colubris,2022,state,USA-LA,Louisiana,prebreeding_migration,3/8/2022,5/31/2022,0.1687,0.0419,0.7817,0.0199,77
Ruby-throated Hummingbird,Archilochus colubris,2022,state,USA-MA,Massachusetts,breeding,6/7/2022,7/26/2022,0.2423,0.0054,0.8284,0.0056,56
Ruby-throated Hummingbird,Archilochus colubris,2022,state,USA-MA,Massachusetts,postbreeding_migration,8/2/2022,11/29/2022,0.1927,0.0036,0.8989,0.0037,63
Ruby-throated Hummingbird,Archilochus colubris,2022,state,USA-MA,Massachusetts,prebreeding_migration,3/8/2022,5/31/2022,0.0883,0.0042,0.9016,0.0044,35
Ruby-throated Hummingbird,Archilochus colubris,2022,state,USA-MD,Maryland,breeding,6/7/2022,7/26/2022,0.2159,0.006,0.8219,0.0068,56
Ruby-throated Hummingbird,Archilochus colubris,2022,state,USA-MD,Maryland,postbreeding_migration,8/2/2022,11/29/2022,0.2272,0.0052,0.9365,0.0048,70
Ruby-throated Hummingbird,Archilochus colubris,2022,state,USA-MD,Maryland,prebreeding_migration,3/8/2022,5/31/2022,0.1048,0.0062,0.9282,0.0056,49
Ruby-throated Hummingbird,Archilochus colubris,2022,state,USA-ME,Maine,breeding,6/7/2022,7/26/2022,0.1669,0.0138,0.9191,0.0227,56
Ruby-throated Hummingbird,Archilochus colubris,2022,state,USA-ME,Maine,postbreeding_migration,8/2/2022,11/29/2022,0.1239,0.0085,0.9703,0.0147,56
Ruby-throated Hummingbird,Archilochus colubris,2022,state,USA-ME,Maine,prebreeding_migration,3/8/2022,5/31/2022,0.0446,0.0079,0.8519,0.0154,28
Ruby-throated Hummingbird,Archilochus colubris,2022,state,USA-MI,Michigan,breeding,6/7/2022,7/26/2022,0.181,0.0276,0.8114,0.0369,56
Ruby-throated Hummingbird,Archilochus colubris,2022,state,USA-MI,Michigan,postbreeding_migration,8/2/2022,11/29/2022,0.1396,0.0176,0.9687,0.027,63
Ruby-throated Hummingbird,Archilochus colubris,2022,state,USA-MI,Michigan,prebreeding_migration,3/8/2022,5/31/2022,0.0615,0.0199,0.8937,0.0296,35
Ruby-throated Hummingbird,Archilochus colubris,2022,state,USA-MN,Minnesota,breeding,6/7/2022,7/26/2022,0.1329,0.0268,0.5056,0.0305,56
Ruby-throated Hummingbird,Archilochus colubris,2022,state,USA-MN,Minnesota,postbreeding_migration,8/2/2022,11/29/2022,0.1086,0.0182,0.8364,0.0309,56
Ruby-throated Hummingbird,Archilochus colubris,2022,state,USA-MN,Minnesota,prebreeding_migration,3/8/2022,5/31/2022,0.0387,0.0166,0.6904,0.0304,28
Ruby-throated Hummingbird,Archilochus colubris,2022,state,USA-MO,Missouri,breeding,6/7/2022,7/26/2022,0.4663,0.0783,0.8937,0.0448,56
Ruby-throated Hummingbird,Archilochus colubris,2022,state,USA-MO,Missouri,postbreeding_migration,8/2/2022,11/29/2022,0.4591,0.0638,0.9961,0.0306,70
Ruby-throated Hummingbird,Archilochus colubris,2022,state,USA-MO,Missouri,prebreeding_migration,3/8/2022,5/31/2022,0.1997,0.0713,0.9497,0.0347,49
Ruby-throated Hummingbird,Archilochus colubris,2022,state,USA-MS,Mississippi,breeding,6/7/2022,7/26/2022,0.3937,0.0458,0.9489,0.0329,56
Ruby-throated Hummingbird,Archilochus colubris,2022,state,USA-MS,Mississippi,postbreeding_migration,8/2/2022,11/29/2022,0.5707,0.0549,0.9884,0.021,77
Ruby-throated Hummingbird,Archilochus colubris,2022,state,USA-MS,Mississippi,prebreeding_migration,3/8/2022,5/31/2022,0.1877,0.0464,0.9576,0.0242,70
Ruby-throated Hummingbird,Archilochus colubris,2022,state,USA-MT,Montana,postbreeding_migration,8/2/2022,11/29/2022,0,0,1.00E-04,0,0
Ruby-throated Hummingbird,Archilochus colubris,2022,state,USA-NC,North Carolina,breeding,6/7/2022,7/26/2022,0.327,0.041,0.8943,0.0335,56
Ruby-throated Hummingbird,Archilochus colubris,2022,state,USA-NC,North Carolina,nonbreeding,12/6/2022,3/1/2022,2.00E-04,2.00E-04,0.0011,1.00E-04,0
Ruby-throated Hummingbird,Archilochus colubris,2022,state,USA-NC,North Carolina,postbreeding_migration,8/2/2022,11/29/2022,0.2914,0.0302,0.934,0.0214,77
Ruby-throated Hummingbird,Archilochus colubris,2022,state,USA-NC,North Carolina,prebreeding_migration,3/8/2022,5/31/2022,0.13,0.0346,0.9053,0.0247,63
Ruby-throated Hummingbird,Archilochus colubris,2022,state,USA-ND,North Dakota,breeding,6/7/2022,7/26/2022,0.0013,2.00E-04,0.0151,8.00E-04,56
Ruby-throated Hummingbird,Archilochus colubris,2022,state,USA-ND,North Dakota,postbreeding_migration,8/2/2022,11/29/2022,0.003,4.00E-04,0.0931,0.0029,35
Ruby-throated Hummingbird,Archilochus colubris,2022,state,USA-ND,North Dakota,prebreeding_migration,3/8/2022,5/31/2022,0.0031,0.0011,0.12,0.0044,21
Ruby-throated Hummingbird,Archilochus colubris,2022,state,USA-NE,Nebraska,breeding,6/7/2022,7/26/2022,0.001,2.00E-04,0.0097,5.00E-04,56
Ruby-throated Hummingbird,Archilochus colubris,2022,state,USA-NE,Nebraska,postbreeding_migration,8/2/2022,11/29/2022,0.0032,5.00E-04,0.0535,0.0018,56
Ruby-throated Hummingbird,Archilochus colubris,2022,state,USA-NE,Nebraska,prebreeding_migration,3/8/2022,5/31/2022,0.0012,5.00E-04,0.0358,0.0015,28
Ruby-throated Hummingbird,Archilochus colubris,2022,state,USA-NH,New Hampshire,breeding,6/7/2022,7/26/2022,0.2021,0.0046,0.8717,0.0059,56
Ruby-throated Hummingbird,Archilochus colubris,2022,state,USA-NH,New Hampshire,postbreeding_migration,8/2/2022,11/29/2022,0.1496,0.0028,0.9292,0.0038,56
Ruby-throated Hummingbird,Archilochus colubris,2022,state,USA-NH,New Hampshire,prebreeding_migration,3/8/2022,5/31/2022,0.0644,0.0031,0.8943,0.0044,35
Ruby-throated Hummingbird,Archilochus colubris,2022,state,USA-NJ,New Jersey,breeding,6/7/2022,7/26/2022,0.1989,0.004,0.783,0.0047,56
Ruby-throated Hummingbird,Archilochus colubris,2022,state,USA-NJ,New Jersey,postbreeding_migration,8/2/2022,11/29/2022,0.1649,0.0027,0.9081,0.0033,70
Ruby-throated Hummingbird,Archilochus colubris,2022,state,USA-NJ,New Jersey,prebreeding_migration,3/8/2022,5/31/2022,0.0993,0.0042,0.934,0.0041,42
Ruby-throated Hummingbird,Archilochus colubris,2022,state,USA-NM,New Mexico,postbreeding_migration,8/2/2022,11/29/2022,0,0,1.00E-04,0,0
Ruby-throated Hummingbird,Archilochus colubris,2022,state,USA-NY,New York,breeding,6/7/2022,7/26/2022,0.1852,0.0226,0.83,0.0303,56
Ruby-throated Hummingbird,Archilochus colubris,2022,state,USA-NY,New York,postbreeding_migration,8/2/2022,11/29/2022,0.1303,0.0132,0.9636,0.0215,70
Ruby-throated Hummingbird,Archilochus colubris,2022,state,USA-NY,New York,prebreeding_migration,3/8/2022,5/31/2022,0.0578,0.015,0.8861,0.0235,35
Ruby-throated Hummingbird,Archilochus colubris,2022,state,USA-OH,Ohio,breeding,6/7/2022,7/26/2022,0.2536,0.0255,0.9547,0.0287,56
Ruby-throated Hummingbird,Archilochus colubris,2022,state,USA-OH,Ohio,postbreeding_migration,8/2/2022,11/29/2022,0.2014,0.0168,0.9949,0.0183,63
Ruby-throated Hummingbird,Archilochus colubris,2022,state,USA-OH,Ohio,prebreeding_migration,3/8/2022,5/31/2022,0.0865,0.0185,0.9452,0.0207,42
Ruby-throated Hummingbird,Archilochus colubris,2022,state,USA-OK,Oklahoma,breeding,6/7/2022,7/26/2022,0.2024,0.034,0.5931,0.0298,56
Ruby-throated Hummingbird,Archilochus colubris,2022,state,USA-OK,Oklahoma,postbreeding_migration,8/2/2022,11/29/2022,0.1658,0.0231,0.5787,0.0178,63
Ruby-throated Hummingbird,Archilochus colubris,2022,state,USA-OK,Oklahoma,prebreeding_migration,3/8/2022,5/31/2022,0.0916,0.0328,0.6171,0.0226,49
Ruby-throated Hummingbird,Archilochus colubris,2022,state,USA-PA,Pennsylvania,breeding,6/7/2022,7/26/2022,0.2329,0.0255,0.9139,0.0299,56
Ruby-throated Hummingbird,Archilochus colubris,2022,state,USA-PA,Pennsylvania,postbreeding_migration,8/2/2022,11/29/2022,0.1771,0.016,0.9924,0.0199,63
Ruby-throated Hummingbird,Archilochus colubris,2022,state,USA-PA,Pennsylvania,prebreeding_migration,3/8/2022,5/31/2022,0.0863,0.0201,0.9616,0.0229,42
Ruby-throated Hummingbird,Archilochus colubris,2022,state,USA-RI,Rhode Island,breeding,6/7/2022,7/26/2022,0.24,8.00E-04,0.7773,8.00E-04,56
Ruby-throated Hummingbird,Archilochus colubris,2022,state,USA-RI,Rhode Island,postbreeding_migration,8/2/2022,11/29/2022,0.2005,6.00E-04,0.9292,6.00E-04,63
Ruby-throated Hummingbird,Archilochus colubris,2022,state,USA-RI,Rhode Island,prebreeding_migration,3/8/2022,5/31/2022,0.0945,7.00E-04,0.8926,7.00E-04,35
Ruby-throated Hummingbird,Archilochus colubris,2022,state,USA-SC,South Carolina,breeding,6/7/2022,7/26/2022,0.2874,0.022,0.906,0.0207,56
Ruby-throated Hummingbird,Archilochus colubris,2022,state,USA-SC,South Carolina,nonbreeding,12/6/2022,3/1/2022,0,0,7.00E-04,1.00E-04,0
Ruby-throated Hummingbird,Archilochus colubris,2022,state,USA-SC,South Carolina,postbreeding_migration,8/2/2022,11/29/2022,0.2449,0.0155,0.9525,0.0133,84
Ruby-throated Hummingbird,Archilochus colubris,2022,state,USA-SC,South Carolina,prebreeding_migration,3/8/2022,5/31/2022,0.1334,0.0217,0.9058,0.0151,70
Ruby-throated Hummingbird,Archilochus colubris,2022,state,USA-SD,South Dakota,breeding,6/7/2022,7/26/2022,5.00E-04,1.00E-04,0.0066,4.00E-04,56
Ruby-throated Hummingbird,Archilochus colubris,2022,state,USA-SD,South Dakota,postbreeding_migration,8/2/2022,11/29/2022,0.0042,6.00E-04,0.1004,0.0034,49
Ruby-throated Hummingbird,Archilochus colubris,2022,state,USA-SD,South Dakota,prebreeding_migration,3/8/2022,5/31/2022,9.00E-04,4.00E-04,0.0371,0.0015,28
Ruby-throated Hummingbird,Archilochus colubris,2022,state,USA-TN,Tennessee,breeding,6/7/2022,7/26/2022,0.4671,0.0475,0.9894,0.0301,56
Ruby-throated Hummingbird,Archilochus colubris,2022,state,USA-TN,Tennessee,postbreeding_migration,8/2/2022,11/29/2022,0.5395,0.0454,0.9987,0.0186,77
Ruby-throated Hummingbird,Archilochus colubris,2022,state,USA-TN,Tennessee,prebreeding_migration,3/8/2022,5/31/2022,0.1582,0.0342,0.9316,0.0206,63
Ruby-throated Hummingbird,Archilochus colubris,2022,state,USA-TX,Texas,breeding,6/7/2022,7/26/2022,0.0637,0.0412,0.183,0.0353,56
Ruby-throated Hummingbird,Archilochus colubris,2022,state,USA-TX,Texas,nonbreeding,12/6/2022,3/1/2022,0,1.00E-04,4.00E-04,3.00E-04,0
Ruby-throated Hummingbird,Archilochus colubris,2022,state,USA-TX,Texas,postbreeding_migration,8/2/2022,11/29/2022,0.1381,0.0739,0.4096,0.0484,112
Ruby-throated Hummingbird,Archilochus colubris,2022,state,USA-TX,Texas,prebreeding_migration,3/8/2022,5/31/2022,0.0543,0.0746,0.3308,0.0465,84
Ruby-throated Hummingbird,Archilochus colubris,2022,state,USA-VA,Virginia,breeding,6/7/2022,7/26/2022,0.3178,0.032,0.9555,0.0287,56
Ruby-throated Hummingbird,Archilochus colubris,2022,state,USA-VA,Virginia,postbreeding_migration,8/2/2022,11/29/2022,0.2976,0.0248,0.9695,0.0178,70
Ruby-throated Hummingbird,Archilochus colubris,2022,state,USA-VA,Virginia,prebreeding_migration,3/8/2022,5/31/2022,0.1022,0.0219,0.9282,0.0203,56
Ruby-throated Hummingbird,Archilochus colubris,2022,state,USA-VT,Vermont,breeding,6/7/2022,7/26/2022,0.2054,0.0047,0.8531,0.0058,56
Ruby-throated Hummingbird,Archilochus colubris,2022,state,USA-VT,Vermont,postbreeding_migration,8/2/2022,11/29/2022,0.1559,0.0029,0.9955,0.0042,56
Ruby-throated Hummingbird,Archilochus colubris,2022,state,USA-VT,Vermont,prebreeding_migration,3/8/2022,5/31/2022,0.0554,0.0027,0.8497,0.0042,28
Ruby-throated Hummingbird,Archilochus colubris,2022,state,USA-WI,Wisconsin,breeding,6/7/2022,7/26/2022,0.2803,0.0389,0.8955,0.0371,56
Ruby-throated Hummingbird,Archilochus colubris,2022,state,USA-WI,Wisconsin,postbreeding_migration,8/2/2022,11/29/2022,0.2067,0.0237,0.9772,0.0248,63
Ruby-throated Hummingbird,Archilochus colubris,2022,state,USA-WI,Wisconsin,prebreeding_migration,3/8/2022,5/31/2022,0.0745,0.022,0.9203,0.0278,35
Ruby-throated Hummingbird,Archilochus colubris,2022,state,USA-WV,West Virginia,breeding,6/7/2022,7/26/2022,0.4116,0.024,0.9959,0.0174,56
Ruby-throated Hummingbird,Archilochus colubris,2022,state,USA-WV,West Virginia,postbreeding_migration,8/2/2022,11/29/2022,0.3093,0.0149,1,0.0107,70
Ruby-throated Hummingbird,Archilochus colubris,2022,state,USA-WV,West Virginia,prebreeding_migration,3/8/2022,5/31/2022,0.1166,0.0145,0.9815,0.0125,49
